source,cluster_id,cluster_label,source_articles,topic_articles_all_sources,source_topic_articles,source_topic_share,overall_topic_share,topic_emphasis_ratio,source_avg_sentiment,topic_avg_sentiment,sentiment_difference,sentiment_divergence,distinctive_keywords,distinctive_phrases,cross_source_similar_pairs,cross_source_similarity_rate,coverage_deviation,framing_signal,coverage_pattern,sentiment_pattern
Business Recorder,2,"price, rupee, oil",199,89,71,0.3568,0.1336,2.67,0.2581,0.2022,0.0559,0.073,"rupee, bank, dollar, india, stock, bond, billion, ton, higher, rbi","central bank, indian rupee, billion rupee, gold price, metric ton, palm oil, rate hike, record high, bank india, bond yield",19,0.2676,1.67,1.743,Higher-than-typical topic coverage,Close to topic average
Business Recorder,6,"police, suspect, case",199,56,3,0.0151,0.0841,0.179,-0.5578,-0.7781,0.2204,0.446,"accountability, allegation, bus, conduct, delhi, india, investigation team, issue, medium reported, mortem","investigation team, last week, medium reported, pakistan test, raza ali, report concerning, test squad, discipline conduct, medium report, post mortem",5,1.6667,0.821,1.267,Lower-than-typical topic coverage,More positive than topic average
Business Recorder,1,"pti, province, punjab",199,81,8,0.0402,0.1216,0.331,0.3528,0.0546,0.2981,0.334,"1965, 1965 war, affair, arabia, armed force, capital, contribute, defence, directed, disputed territory","peace stability, 1965 war, armed force, bannu division, defence day, electric vehicle, government said, islamabad police, minister state interior, paid tribute",17,2.125,0.669,1.003,Lower-than-typical topic coverage,More positive than topic average
Business Recorder,7,"tax, fbr, meeting",199,85,40,0.201,0.1276,1.575,0.6823,0.648,0.0343,0.054,"company, investment, cooperation, limited, extension, business, 2026, asia, banking, bloomberg","pakistan stock exchange, stock exchange psx, central asia, financial institution, pakistan limited, pakistan stock, power plant, president ceo, said tuesday, state bank",19,0.475,0.575,0.629,Higher-than-typical topic coverage,Close to topic average
Business Recorder,0,"police, terrorist, killed",199,83,13,0.0653,0.1246,0.524,-0.6737,-0.6938,0.0201,0.031,"least, town, 170, africa, attacked, bandar, bandar beyla, bangkok, canal, cape","cape town, day earlier, iran oman, israeli airstrike, killed operation, killed people, near air base, nearby hospital, nepal flood, netanyahu said",24,1.8462,0.476,0.507,Lower-than-typical topic coverage,Close to topic average
Business Recorder,4,"game, match, cup",199,94,19,0.0955,0.1411,0.676,0.6029,0.5727,0.0302,0.045,"debut, netherlands, pitch, always, apologised, artificial, association, battling, bid, briefly","told reporter, cape town, first two, india pakistan, laver cup, monday pakistan, open new, put pressure, scheduled september, since april",15,0.7895,0.324,0.369,Near overall topic coverage,Close to topic average
Business Recorder,5,"human, woman, right",199,98,23,0.1156,0.1471,0.785,0.1677,0.2286,-0.0609,0.072,"drink, airline, beverage, bull, company said, deal, decision, energy, energy drink, enterprise","company said, energy drink, red bull, said wednesday, air india, champion league, company also, flag carrier, football association, former prime minister",4,0.1739,0.215,0.287,Near overall topic coverage,Close to topic average
Business Recorder,3,"iran, saudi, iranian",199,80,22,0.1106,0.1201,0.92,-0.2831,-0.3445,0.0614,0.071,"index, economy, sanction, araqchi, 2024, adaptation, administration, baghdad, big, bridge","new restricted, restricted zone, state medium, abu dhabi, crude price, east war, emergency signal, fossil fuel, india trade minister, iran nuclear",40,1.8182,0.08,0.151,Near overall topic coverage,Close to topic average
Dawn,6,"police, suspect, case",136,56,29,0.2132,0.0841,2.536,-0.8095,-0.7781,-0.0314,0.064,"defence police, evidence, gang, act, ali, ali body, ali family, allegedly gang, arrest bail, complainant","official said, day physical, day physical remand, hammad azhar, ali body, ali family, arrest bail, defence police, post arrest bail, published dawn",35,1.2069,1.536,1.6,Higher-than-typical topic coverage,Close to topic average
Dawn,2,"price, rupee, oil",136,89,4,0.0294,0.1336,0.22,-0.2328,0.2022,-0.435,0.565,"scheme, speed diesel, 100 barrel, atif, bpd, data showed, deficit, fpcci, industry, kpler","prime minister, 100 barrel, crude export, global market, july august, pakistan chamber, published dawn, red sea, supply chain, fuel price",11,2.75,0.78,1.345,Lower-than-typical topic coverage,More negative than topic average
Dawn,5,"human, woman, right",136,98,6,0.0441,0.1471,0.3,0.6076,0.2286,0.379,0.448,"afd, american, born, concern, ethnic, far, germany, give, gold, government","per cent, british government, foundation said, gold ring, occupied territory, private sector, raised concern, right lawyer, social medium post, state government",3,0.5,0.7,1.148,Lower-than-typical topic coverage,More positive than topic average
Dawn,1,"pti, province, punjab",136,81,31,0.2279,0.1216,1.874,0.071,0.0546,0.0164,0.018,"committee, kashmiri, sept, worker, 144, across province, convoy, dispute, drone, indian","across province, kashmiri people, party worker, peaceful resolution, press conference, punjab government, said india, section 144, spokesperson said, 6th 2026",23,0.7419,0.874,0.892,Higher-than-typical topic coverage,Close to topic average
Dawn,4,"game, match, cup",136,94,4,0.0294,0.1411,0.208,0.5063,0.5727,-0.0664,0.099,"awareness, board, decision, fourth, hesson, israeli, nadeem, ninth, ultimate, arshad","board pcb, cricket board, cricket board pcb, game pakistan, sri lankan, world war, black armband, national anthem, sahibzada farhan, seven player",2,0.5,0.792,0.891,Lower-than-typical topic coverage,Close to topic average
Dawn,0,"police, terrorist, killed",136,83,26,0.1912,0.1246,1.534,-0.7641,-0.6938,-0.0703,0.109,"disaster, ameen, border, burn, child, food, glacial, humanitarian, maritime, maritime police","told dawn, 6th 2026, published dawn september, secure release, according rescue, air pollution, aman mela, check post, deputy director, exchange fire",38,1.4615,0.534,0.643,Higher-than-typical topic coverage,Close to topic average
Dawn,3,"iran, saudi, iranian",136,80,21,0.1544,0.1201,1.285,-0.4951,-0.3445,-0.1505,0.174,"military, barrel, coalition, conflict, iran war, ship, advance, armed, believe, bigger","said iran, iran war, six month, three country, arabia conflict, arabia turkiye, araghchi said, armed attack, barrel oil, blockade iran",37,1.7619,0.285,0.459,Near overall topic coverage,More negative than topic average
Dawn,7,"tax, fbr, meeting",136,85,15,0.1103,0.1276,0.864,0.8455,0.648,0.1976,0.314,"growth, sustainable, pmo, pmo said, sustainable growth, achieve, across, action, action plan, active","pmo said, across punjab, action plan, air pollution, air quality, also highlighted, cga mag, chaudhry said, export led, federal government",18,1.2,0.136,0.45,Near overall topic coverage,More positive than topic average
Express Tribune,4,"game, match, cup",177,94,49,0.2768,0.1411,1.961,0.548,0.5727,-0.0247,0.037,"champion, october, squad, asia, barcelona, crowd, half, zimbabwe, aichi, butt","los angeles, three year, champion league, commonwealth game, field goal, first test, half time, last two, recent year, said statement",20,0.4082,0.961,0.998,Higher-than-typical topic coverage,Close to topic average
Express Tribune,2,"price, rupee, oil",177,89,8,0.0452,0.1336,0.338,0.3119,0.2022,0.1096,0.142,"170, geopolitical, gram, imf, market price, remained, silver, psx, 600, ban","kse 100, monetary fund imf, price gold, price gram, selling pressure, imf mission, local market, market price, minister muhammad, per ounce",19,2.375,0.662,0.804,Lower-than-typical topic coverage,Close to topic average
Express Tribune,1,"pti, province, punjab",177,81,14,0.0791,0.1216,0.65,0.3428,0.0546,0.2882,0.323,"problem, 2007, across country, actor, adding, ajk, apc, army, azad, bar","pic twitter, according statement, across country, bar association, chief justice, counter terrorism, directed authority, earlier year, high court, khan said",25,1.7857,0.35,0.673,Lower-than-typical topic coverage,More positive than topic average
Express Tribune,5,"human, woman, right",177,98,42,0.2373,0.1471,1.613,0.2339,0.2286,0.0053,0.006,"career, case, muslim, acting, akbar, athlete, behaviour, centre, character, conversation","post instagram, view post, view post instagram, asian game, authority said, first time, hugging face, long term, one year, people around",3,0.0714,0.613,0.619,Higher-than-typical topic coverage,Close to topic average
Express Tribune,6,"police, suspect, case",177,56,9,0.0508,0.0841,0.605,-0.7044,-0.7781,0.0737,0.149,"ali zain, zain, access, age, child, custody, damage, detained, dispute, extension","gang rape, ali zain, told court, gang rape case, high court, law order situation, medium access, medium platform, multiple case, order situation",21,2.3333,0.395,0.544,Lower-than-typical topic coverage,Close to topic average
Express Tribune,7,"tax, fbr, meeting",177,85,12,0.0678,0.1276,0.531,0.6649,0.648,0.0169,0.027,"council, dar, foreign, player, state, head state, alongside, ambassador, appearance, arabian","council head, council head state, october 2026, head state, arabian sea, cabinet division, china pakistan, foreign minister, fourth review, fuel relief",14,1.1667,0.469,0.496,Lower-than-typical topic coverage,Close to topic average
Express Tribune,3,"iran, saudi, iranian",177,80,16,0.0904,0.1201,0.753,-0.2418,-0.3445,0.1027,0.119,"china, haaretz, russian, sheikh, uae president, warning, zayed, netanyahu, accountability, aid","bin zayed, uae president, aqsa mosque, army chief, around world, china agree, defence minister, east jerusalem, expert argue, financial system",13,0.8125,0.247,0.366,Near overall topic coverage,Close to topic average
Express Tribune,0,"police, terrorist, killed",177,83,27,0.1525,0.1246,1.224,-0.6306,-0.6938,0.0632,0.098,"fire safety, safety, bannu, firefighting, pakistan air, personnel, area, 1965, abad, affected","fire safety, pakistan air, pakistan air force, 1965 war, according data, afghan soil, could take, death toll, eight month, electric vehicle",35,1.2963,0.224,0.322,Near overall topic coverage,Close to topic average
Geo News,2,"price, rupee, oil",154,89,6,0.039,0.1336,0.292,-0.3155,0.2022,-0.5177,0.673,"access, arabia, charge, chinese, competitive, consumer, daily, disruption, distribution, electric","high speed, international market, middle east conflict, million tonne, open access, pakistan first, pakistan stock, power plant, rs1 per, saudi arabia",12,2.0,0.708,1.381,Lower-than-typical topic coverage,More negative than topic average
Geo News,1,"pti, province, punjab",154,81,28,0.1818,0.1216,1.495,-0.1928,0.0546,-0.2474,0.277,"new province, administrative, constitutional, administrative unit, allegation, article, constitution, contact, debate, federation","law order, new province, 18th amendment, administrative unit, pti chairman, road blockade, source said, towards islamabad, according source, afghan territory",27,0.9643,0.495,0.772,Near overall topic coverage,More negative than topic average
Geo News,7,"tax, fbr, meeting",154,85,18,0.1169,0.1276,0.916,0.3958,0.648,-0.2521,0.4,"city, dubai, file, file return, land, penalty, score, 000, 1965, 2025","file return, report said, abu dhabi, across pakistan, civil servant, climate change, director general, disaster risk, early warning, five day",12,0.6667,0.084,0.484,Near overall topic coverage,More negative than topic average
Geo News,5,"human, woman, right",154,98,27,0.1753,0.1471,1.191,0.1881,0.2286,-0.0406,0.048,"air quality, closure, dog, emission, humanity, need, ocean, ozone, star, wildfire","air pollution, air quality, large scale, rural woman, take step, ten thousand, would make, along route, also highlighted, also urged",4,0.1481,0.191,0.239,Near overall topic coverage,Close to topic average
Geo News,6,"police, suspect, case",154,56,15,0.0974,0.0841,1.158,-0.8058,-0.7781,-0.0277,0.056,"batter, cricketer, foreign, home minister, investigator, phone, police said, source, wicketkeeper, agency","nccia source, police said, home minister, mohammad rizwan, wicketkeeper batter, year old, according police, according source, according statement, arrived lahore",24,1.6,0.158,0.214,Near overall topic coverage,Close to topic average
Geo News,3,"iran, saudi, iranian",154,80,21,0.1364,0.1201,1.135,-0.3366,-0.3445,0.008,0.009,"shehbaz, abu, additional, admiral, afp, airline, ally, announce, announcement, approved","reopen strait, united arab, according data, additional protocol, araqchi said, bessent said, chief staff, department said, economic warfare, enemy saudi",42,2.0,0.135,0.144,Near overall topic coverage,Close to topic average
Geo News,0,"police, terrorist, killed",154,83,17,0.1104,0.1246,0.886,-0.702,-0.6938,-0.0082,0.013,"airport, traffic police, aboard, afp, amazon, authority, body, call, car, cargo","official said, police officer, traffic police, brought control, data showed, department said, eiffel tower, flight tracking, international airport, ispr said",36,2.1176,0.114,0.127,Near overall topic coverage,Close to topic average
Geo News,4,"game, match, cup",154,94,22,0.1429,0.1411,1.012,0.6136,0.5727,0.0409,0.061,"quarter, 2027, arena, fight, hong, hong kong, kong, member, six, unbeaten","cross border, final scheduled, icc code, icc code conduct, last day, medal match, member state, pakistan saying, pakistan team, pakistan test",19,0.8636,0.012,0.073,Near overall topic coverage,Close to topic average
