cluster_id,cluster_label,day,article_count,count_prev_day,day_change,rolling_3d,rolling_7d
0,"police, terrorist, saudi",2026-03-24,0,,0,0.0,0.0
0,"police, terrorist, saudi",2026-03-25,0,0.0,0,0.0,0.0
0,"police, terrorist, saudi",2026-03-26,0,0.0,0,0.0,0.0
0,"police, terrorist, saudi",2026-03-27,0,0.0,0,0.0,0.0
0,"police, terrorist, saudi",2026-03-28,0,0.0,0,0.0,0.0
0,"police, terrorist, saudi",2026-03-29,0,0.0,0,0.0,0.0
0,"police, terrorist, saudi",2026-03-30,0,0.0,0,0.0,0.0
0,"police, terrorist, saudi",2026-03-31,0,0.0,0,0.0,0.0
0,"police, terrorist, saudi",2026-04-01,0,0.0,0,0.0,0.0
0,"police, terrorist, saudi",2026-04-02,0,0.0,0,0.0,0.0
0,"police, terrorist, saudi",2026-04-03,0,0.0,0,0.0,0.0
0,"police, terrorist, saudi",2026-04-04,0,0.0,0,0.0,0.0
0,"police, terrorist, saudi",2026-04-05,0,0.0,0,0.0,0.0
0,"police, terrorist, saudi",2026-04-06,0,0.0,0,0.0,0.0
0,"police, terrorist, saudi",2026-04-07,0,0.0,0,0.0,0.0
0,"police, terrorist, saudi",2026-04-08,0,0.0,0,0.0,0.0
0,"police, terrorist, saudi",2026-04-09,0,0.0,0,0.0,0.0
0,"police, terrorist, saudi",2026-04-10,0,0.0,0,0.0,0.0
0,"police, terrorist, saudi",2026-04-11,0,0.0,0,0.0,0.0
0,"police, terrorist, saudi",2026-04-12,0,0.0,0,0.0,0.0
0,"police, terrorist, saudi",2026-04-13,0,0.0,0,0.0,0.0
0,"police, terrorist, saudi",2026-04-14,0,0.0,0,0.0,0.0
0,"police, terrorist, saudi",2026-04-15,0,0.0,0,0.0,0.0
0,"police, terrorist, saudi",2026-04-16,0,0.0,0,0.0,0.0
0,"police, terrorist, saudi",2026-04-17,0,0.0,0,0.0,0.0
0,"police, terrorist, saudi",2026-04-18,0,0.0,0,0.0,0.0
0,"police, terrorist, saudi",2026-04-19,0,0.0,0,0.0,0.0
0,"police, terrorist, saudi",2026-04-20,0,0.0,0,0.0,0.0
0,"police, terrorist, saudi",2026-04-21,0,0.0,0,0.0,0.0
0,"police, terrorist, saudi",2026-04-22,0,0.0,0,0.0,0.0
0,"police, terrorist, saudi",2026-04-23,0,0.0,0,0.0,0.0
0,"police, terrorist, saudi",2026-04-24,0,0.0,0,0.0,0.0
0,"police, terrorist, saudi",2026-04-25,0,0.0,0,0.0,0.0
0,"police, terrorist, saudi",2026-04-26,0,0.0,0,0.0,0.0
0,"police, terrorist, saudi",2026-04-27,0,0.0,0,0.0,0.0
0,"police, terrorist, saudi",2026-04-28,0,0.0,0,0.0,0.0
0,"police, terrorist, saudi",2026-04-29,0,0.0,0,0.0,0.0
0,"police, terrorist, saudi",2026-04-30,0,0.0,0,0.0,0.0
0,"police, terrorist, saudi",2026-05-01,0,0.0,0,0.0,0.0
0,"police, terrorist, saudi",2026-05-02,0,0.0,0,0.0,0.0
0,"police, terrorist, saudi",2026-05-03,0,0.0,0,0.0,0.0
0,"police, terrorist, saudi",2026-05-04,0,0.0,0,0.0,0.0
0,"police, terrorist, saudi",2026-05-05,0,0.0,0,0.0,0.0
0,"police, terrorist, saudi",2026-05-06,0,0.0,0,0.0,0.0
0,"police, terrorist, saudi",2026-05-07,0,0.0,0,0.0,0.0
0,"police, terrorist, saudi",2026-05-08,0,0.0,0,0.0,0.0
0,"police, terrorist, saudi",2026-05-09,0,0.0,0,0.0,0.0
0,"police, terrorist, saudi",2026-05-10,0,0.0,0,0.0,0.0
0,"police, terrorist, saudi",2026-05-11,0,0.0,0,0.0,0.0
0,"police, terrorist, saudi",2026-05-12,0,0.0,0,0.0,0.0
0,"police, terrorist, saudi",2026-05-13,0,0.0,0,0.0,0.0
0,"police, terrorist, saudi",2026-05-14,0,0.0,0,0.0,0.0
0,"police, terrorist, saudi",2026-05-15,0,0.0,0,0.0,0.0
0,"police, terrorist, saudi",2026-05-16,0,0.0,0,0.0,0.0
0,"police, terrorist, saudi",2026-05-17,0,0.0,0,0.0,0.0
0,"police, terrorist, saudi",2026-05-18,0,0.0,0,0.0,0.0
0,"police, terrorist, saudi",2026-05-19,0,0.0,0,0.0,0.0
0,"police, terrorist, saudi",2026-05-20,0,0.0,0,0.0,0.0
0,"police, terrorist, saudi",2026-05-21,0,0.0,0,0.0,0.0
0,"police, terrorist, saudi",2026-05-22,0,0.0,0,0.0,0.0
0,"police, terrorist, saudi",2026-05-23,0,0.0,0,0.0,0.0
0,"police, terrorist, saudi",2026-05-24,0,0.0,0,0.0,0.0
0,"police, terrorist, saudi",2026-05-25,0,0.0,0,0.0,0.0
0,"police, terrorist, saudi",2026-05-26,0,0.0,0,0.0,0.0
0,"police, terrorist, saudi",2026-05-27,0,0.0,0,0.0,0.0
0,"police, terrorist, saudi",2026-05-28,0,0.0,0,0.0,0.0
0,"police, terrorist, saudi",2026-05-29,0,0.0,0,0.0,0.0
0,"police, terrorist, saudi",2026-05-30,0,0.0,0,0.0,0.0
0,"police, terrorist, saudi",2026-05-31,0,0.0,0,0.0,0.0
0,"police, terrorist, saudi",2026-06-01,0,0.0,0,0.0,0.0
0,"police, terrorist, saudi",2026-06-02,0,0.0,0,0.0,0.0
0,"police, terrorist, saudi",2026-06-03,0,0.0,0,0.0,0.0
0,"police, terrorist, saudi",2026-06-04,0,0.0,0,0.0,0.0
0,"police, terrorist, saudi",2026-06-05,0,0.0,0,0.0,0.0
0,"police, terrorist, saudi",2026-06-06,0,0.0,0,0.0,0.0
0,"police, terrorist, saudi",2026-06-07,0,0.0,0,0.0,0.0
0,"police, terrorist, saudi",2026-06-08,0,0.0,0,0.0,0.0
0,"police, terrorist, saudi",2026-06-09,0,0.0,0,0.0,0.0
0,"police, terrorist, saudi",2026-06-10,0,0.0,0,0.0,0.0
0,"police, terrorist, saudi",2026-06-11,0,0.0,0,0.0,0.0
0,"police, terrorist, saudi",2026-06-12,0,0.0,0,0.0,0.0
0,"police, terrorist, saudi",2026-06-13,0,0.0,0,0.0,0.0
0,"police, terrorist, saudi",2026-06-14,0,0.0,0,0.0,0.0
0,"police, terrorist, saudi",2026-06-15,0,0.0,0,0.0,0.0
0,"police, terrorist, saudi",2026-06-16,0,0.0,0,0.0,0.0
0,"police, terrorist, saudi",2026-06-17,0,0.0,0,0.0,0.0
0,"police, terrorist, saudi",2026-06-18,0,0.0,0,0.0,0.0
0,"police, terrorist, saudi",2026-06-19,0,0.0,0,0.0,0.0
0,"police, terrorist, saudi",2026-06-20,0,0.0,0,0.0,0.0
0,"police, terrorist, saudi",2026-06-21,0,0.0,0,0.0,0.0
0,"police, terrorist, saudi",2026-06-22,0,0.0,0,0.0,0.0
0,"police, terrorist, saudi",2026-06-23,0,0.0,0,0.0,0.0
0,"police, terrorist, saudi",2026-06-24,0,0.0,0,0.0,0.0
0,"police, terrorist, saudi",2026-06-25,0,0.0,0,0.0,0.0
0,"police, terrorist, saudi",2026-06-26,0,0.0,0,0.0,0.0
0,"police, terrorist, saudi",2026-06-27,0,0.0,0,0.0,0.0
0,"police, terrorist, saudi",2026-06-28,0,0.0,0,0.0,0.0
0,"police, terrorist, saudi",2026-06-29,0,0.0,0,0.0,0.0
0,"police, terrorist, saudi",2026-06-30,0,0.0,0,0.0,0.0
0,"police, terrorist, saudi",2026-07-01,0,0.0,0,0.0,0.0
0,"police, terrorist, saudi",2026-07-02,0,0.0,0,0.0,0.0
0,"police, terrorist, saudi",2026-07-03,0,0.0,0,0.0,0.0
0,"police, terrorist, saudi",2026-07-04,0,0.0,0,0.0,0.0
0,"police, terrorist, saudi",2026-07-05,0,0.0,0,0.0,0.0
0,"police, terrorist, saudi",2026-07-06,0,0.0,0,0.0,0.0
0,"police, terrorist, saudi",2026-07-07,0,0.0,0,0.0,0.0
0,"police, terrorist, saudi",2026-07-08,0,0.0,0,0.0,0.0
0,"police, terrorist, saudi",2026-07-09,0,0.0,0,0.0,0.0
0,"police, terrorist, saudi",2026-07-10,0,0.0,0,0.0,0.0
0,"police, terrorist, saudi",2026-07-11,0,0.0,0,0.0,0.0
0,"police, terrorist, saudi",2026-07-12,0,0.0,0,0.0,0.0
0,"police, terrorist, saudi",2026-07-13,0,0.0,0,0.0,0.0
0,"police, terrorist, saudi",2026-07-14,0,0.0,0,0.0,0.0
0,"police, terrorist, saudi",2026-07-15,0,0.0,0,0.0,0.0
0,"police, terrorist, saudi",2026-07-16,0,0.0,0,0.0,0.0
0,"police, terrorist, saudi",2026-07-17,0,0.0,0,0.0,0.0
0,"police, terrorist, saudi",2026-07-18,0,0.0,0,0.0,0.0
0,"police, terrorist, saudi",2026-07-19,0,0.0,0,0.0,0.0
0,"police, terrorist, saudi",2026-07-20,0,0.0,0,0.0,0.0
0,"police, terrorist, saudi",2026-07-21,0,0.0,0,0.0,0.0
0,"police, terrorist, saudi",2026-07-22,0,0.0,0,0.0,0.0
0,"police, terrorist, saudi",2026-07-23,0,0.0,0,0.0,0.0
0,"police, terrorist, saudi",2026-07-24,0,0.0,0,0.0,0.0
0,"police, terrorist, saudi",2026-07-25,1,0.0,1,0.33,0.14
0,"police, terrorist, saudi",2026-07-26,0,1.0,-1,0.33,0.14
0,"police, terrorist, saudi",2026-07-27,0,0.0,0,0.33,0.14
0,"police, terrorist, saudi",2026-07-28,0,0.0,0,0.0,0.14
0,"police, terrorist, saudi",2026-07-29,0,0.0,0,0.0,0.14
0,"police, terrorist, saudi",2026-07-30,0,0.0,0,0.0,0.14
0,"police, terrorist, saudi",2026-07-31,0,0.0,0,0.0,0.14
0,"police, terrorist, saudi",2026-08-01,0,0.0,0,0.0,0.0
0,"police, terrorist, saudi",2026-08-02,0,0.0,0,0.0,0.0
0,"police, terrorist, saudi",2026-08-03,0,0.0,0,0.0,0.0
0,"police, terrorist, saudi",2026-08-04,0,0.0,0,0.0,0.0
0,"police, terrorist, saudi",2026-08-05,0,0.0,0,0.0,0.0
0,"police, terrorist, saudi",2026-08-06,0,0.0,0,0.0,0.0
0,"police, terrorist, saudi",2026-08-07,0,0.0,0,0.0,0.0
0,"police, terrorist, saudi",2026-08-08,0,0.0,0,0.0,0.0
0,"police, terrorist, saudi",2026-08-09,1,0.0,1,0.33,0.14
0,"police, terrorist, saudi",2026-08-10,0,1.0,-1,0.33,0.14
0,"police, terrorist, saudi",2026-08-11,0,0.0,0,0.33,0.14
0,"police, terrorist, saudi",2026-08-12,0,0.0,0,0.0,0.14
0,"police, terrorist, saudi",2026-08-13,0,0.0,0,0.0,0.14
0,"police, terrorist, saudi",2026-08-14,0,0.0,0,0.0,0.14
0,"police, terrorist, saudi",2026-08-15,0,0.0,0,0.0,0.14
0,"police, terrorist, saudi",2026-08-16,0,0.0,0,0.0,0.0
0,"police, terrorist, saudi",2026-08-17,0,0.0,0,0.0,0.0
0,"police, terrorist, saudi",2026-08-18,0,0.0,0,0.0,0.0
0,"police, terrorist, saudi",2026-08-19,0,0.0,0,0.0,0.0
0,"police, terrorist, saudi",2026-08-20,0,0.0,0,0.0,0.0
0,"police, terrorist, saudi",2026-08-21,0,0.0,0,0.0,0.0
0,"police, terrorist, saudi",2026-08-22,0,0.0,0,0.0,0.0
0,"police, terrorist, saudi",2026-08-23,0,0.0,0,0.0,0.0
0,"police, terrorist, saudi",2026-08-24,0,0.0,0,0.0,0.0
0,"police, terrorist, saudi",2026-08-25,0,0.0,0,0.0,0.0
0,"police, terrorist, saudi",2026-08-26,0,0.0,0,0.0,0.0
0,"police, terrorist, saudi",2026-08-27,0,0.0,0,0.0,0.0
0,"police, terrorist, saudi",2026-08-28,0,0.0,0,0.0,0.0
0,"police, terrorist, saudi",2026-08-29,0,0.0,0,0.0,0.0
0,"police, terrorist, saudi",2026-08-30,0,0.0,0,0.0,0.0
0,"police, terrorist, saudi",2026-08-31,0,0.0,0,0.0,0.0
0,"police, terrorist, saudi",2026-09-01,0,0.0,0,0.0,0.0
0,"police, terrorist, saudi",2026-09-02,0,0.0,0,0.0,0.0
0,"police, terrorist, saudi",2026-09-03,0,0.0,0,0.0,0.0
0,"police, terrorist, saudi",2026-09-04,1,0.0,1,0.33,0.14
0,"police, terrorist, saudi",2026-09-05,2,1.0,1,1.0,0.43
0,"police, terrorist, saudi",2026-09-06,2,2.0,0,1.67,0.71
0,"police, terrorist, saudi",2026-09-07,2,2.0,0,2.0,1.0
0,"police, terrorist, saudi",2026-09-08,3,2.0,1,2.33,1.43
0,"police, terrorist, saudi",2026-09-09,0,3.0,-3,1.67,1.43
0,"police, terrorist, saudi",2026-09-10,0,0.0,0,1.0,1.43
0,"police, terrorist, saudi",2026-09-11,1,0.0,1,0.33,1.43
0,"police, terrorist, saudi",2026-09-12,0,1.0,-1,0.33,1.14
0,"police, terrorist, saudi",2026-09-13,0,0.0,0,0.33,0.86
0,"police, terrorist, saudi",2026-09-14,0,0.0,0,0.0,0.57
0,"police, terrorist, saudi",2026-09-15,0,0.0,0,0.0,0.14
0,"police, terrorist, saudi",2026-09-16,0,0.0,0,0.0,0.14
0,"police, terrorist, saudi",2026-09-17,0,0.0,0,0.0,0.14
0,"police, terrorist, saudi",2026-09-18,0,0.0,0,0.0,0.0
0,"police, terrorist, saudi",2026-09-19,0,0.0,0,0.0,0.0
0,"police, terrorist, saudi",2026-09-20,0,0.0,0,0.0,0.0
0,"police, terrorist, saudi",2026-09-21,0,0.0,0,0.0,0.0
0,"police, terrorist, saudi",2026-09-22,0,0.0,0,0.0,0.0
0,"police, terrorist, saudi",2026-09-23,0,0.0,0,0.0,0.0
0,"police, terrorist, saudi",2026-09-24,1,0.0,1,0.33,0.14
0,"police, terrorist, saudi",2026-09-25,1,1.0,0,0.67,0.29
0,"police, terrorist, saudi",2026-09-26,1,1.0,0,1.0,0.43
0,"police, terrorist, saudi",2026-09-27,8,1.0,7,3.33,1.57
0,"police, terrorist, saudi",2026-09-28,3,8.0,-5,4.0,2.0
0,"police, terrorist, saudi",2026-09-29,3,3.0,0,4.67,2.43
0,"police, terrorist, saudi",2026-09-30,3,3.0,0,3.0,2.86
1,"game, match, cup",2026-03-24,0,,0,0.0,0.0
1,"game, match, cup",2026-03-25,0,0.0,0,0.0,0.0
1,"game, match, cup",2026-03-26,0,0.0,0,0.0,0.0
1,"game, match, cup",2026-03-27,0,0.0,0,0.0,0.0
1,"game, match, cup",2026-03-28,0,0.0,0,0.0,0.0
1,"game, match, cup",2026-03-29,0,0.0,0,0.0,0.0
1,"game, match, cup",2026-03-30,0,0.0,0,0.0,0.0
1,"game, match, cup",2026-03-31,0,0.0,0,0.0,0.0
1,"game, match, cup",2026-04-01,0,0.0,0,0.0,0.0
1,"game, match, cup",2026-04-02,0,0.0,0,0.0,0.0
1,"game, match, cup",2026-04-03,0,0.0,0,0.0,0.0
1,"game, match, cup",2026-04-04,0,0.0,0,0.0,0.0
1,"game, match, cup",2026-04-05,0,0.0,0,0.0,0.0
1,"game, match, cup",2026-04-06,0,0.0,0,0.0,0.0
1,"game, match, cup",2026-04-07,0,0.0,0,0.0,0.0
1,"game, match, cup",2026-04-08,0,0.0,0,0.0,0.0
1,"game, match, cup",2026-04-09,0,0.0,0,0.0,0.0
1,"game, match, cup",2026-04-10,0,0.0,0,0.0,0.0
1,"game, match, cup",2026-04-11,0,0.0,0,0.0,0.0
1,"game, match, cup",2026-04-12,0,0.0,0,0.0,0.0
1,"game, match, cup",2026-04-13,0,0.0,0,0.0,0.0
1,"game, match, cup",2026-04-14,0,0.0,0,0.0,0.0
1,"game, match, cup",2026-04-15,0,0.0,0,0.0,0.0
1,"game, match, cup",2026-04-16,0,0.0,0,0.0,0.0
1,"game, match, cup",2026-04-17,0,0.0,0,0.0,0.0
1,"game, match, cup",2026-04-18,0,0.0,0,0.0,0.0
1,"game, match, cup",2026-04-19,0,0.0,0,0.0,0.0
1,"game, match, cup",2026-04-20,0,0.0,0,0.0,0.0
1,"game, match, cup",2026-04-21,0,0.0,0,0.0,0.0
1,"game, match, cup",2026-04-22,0,0.0,0,0.0,0.0
1,"game, match, cup",2026-04-23,0,0.0,0,0.0,0.0
1,"game, match, cup",2026-04-24,0,0.0,0,0.0,0.0
1,"game, match, cup",2026-04-25,0,0.0,0,0.0,0.0
1,"game, match, cup",2026-04-26,0,0.0,0,0.0,0.0
1,"game, match, cup",2026-04-27,0,0.0,0,0.0,0.0
1,"game, match, cup",2026-04-28,0,0.0,0,0.0,0.0
1,"game, match, cup",2026-04-29,0,0.0,0,0.0,0.0
1,"game, match, cup",2026-04-30,0,0.0,0,0.0,0.0
1,"game, match, cup",2026-05-01,0,0.0,0,0.0,0.0
1,"game, match, cup",2026-05-02,0,0.0,0,0.0,0.0
1,"game, match, cup",2026-05-03,0,0.0,0,0.0,0.0
1,"game, match, cup",2026-05-04,0,0.0,0,0.0,0.0
1,"game, match, cup",2026-05-05,0,0.0,0,0.0,0.0
1,"game, match, cup",2026-05-06,0,0.0,0,0.0,0.0
1,"game, match, cup",2026-05-07,0,0.0,0,0.0,0.0
1,"game, match, cup",2026-05-08,0,0.0,0,0.0,0.0
1,"game, match, cup",2026-05-09,0,0.0,0,0.0,0.0
1,"game, match, cup",2026-05-10,0,0.0,0,0.0,0.0
1,"game, match, cup",2026-05-11,0,0.0,0,0.0,0.0
1,"game, match, cup",2026-05-12,0,0.0,0,0.0,0.0
1,"game, match, cup",2026-05-13,0,0.0,0,0.0,0.0
1,"game, match, cup",2026-05-14,0,0.0,0,0.0,0.0
1,"game, match, cup",2026-05-15,0,0.0,0,0.0,0.0
1,"game, match, cup",2026-05-16,0,0.0,0,0.0,0.0
1,"game, match, cup",2026-05-17,0,0.0,0,0.0,0.0
1,"game, match, cup",2026-05-18,0,0.0,0,0.0,0.0
1,"game, match, cup",2026-05-19,0,0.0,0,0.0,0.0
1,"game, match, cup",2026-05-20,0,0.0,0,0.0,0.0
1,"game, match, cup",2026-05-21,0,0.0,0,0.0,0.0
1,"game, match, cup",2026-05-22,0,0.0,0,0.0,0.0
1,"game, match, cup",2026-05-23,0,0.0,0,0.0,0.0
1,"game, match, cup",2026-05-24,0,0.0,0,0.0,0.0
1,"game, match, cup",2026-05-25,0,0.0,0,0.0,0.0
1,"game, match, cup",2026-05-26,0,0.0,0,0.0,0.0
1,"game, match, cup",2026-05-27,0,0.0,0,0.0,0.0
1,"game, match, cup",2026-05-28,0,0.0,0,0.0,0.0
1,"game, match, cup",2026-05-29,0,0.0,0,0.0,0.0
1,"game, match, cup",2026-05-30,0,0.0,0,0.0,0.0
1,"game, match, cup",2026-05-31,0,0.0,0,0.0,0.0
1,"game, match, cup",2026-06-01,0,0.0,0,0.0,0.0
1,"game, match, cup",2026-06-02,0,0.0,0,0.0,0.0
1,"game, match, cup",2026-06-03,0,0.0,0,0.0,0.0
1,"game, match, cup",2026-06-04,0,0.0,0,0.0,0.0
1,"game, match, cup",2026-06-05,0,0.0,0,0.0,0.0
1,"game, match, cup",2026-06-06,0,0.0,0,0.0,0.0
1,"game, match, cup",2026-06-07,0,0.0,0,0.0,0.0
1,"game, match, cup",2026-06-08,0,0.0,0,0.0,0.0
1,"game, match, cup",2026-06-09,0,0.0,0,0.0,0.0
1,"game, match, cup",2026-06-10,0,0.0,0,0.0,0.0
1,"game, match, cup",2026-06-11,0,0.0,0,0.0,0.0
1,"game, match, cup",2026-06-12,0,0.0,0,0.0,0.0
1,"game, match, cup",2026-06-13,0,0.0,0,0.0,0.0
1,"game, match, cup",2026-06-14,0,0.0,0,0.0,0.0
1,"game, match, cup",2026-06-15,0,0.0,0,0.0,0.0
1,"game, match, cup",2026-06-16,0,0.0,0,0.0,0.0
1,"game, match, cup",2026-06-17,0,0.0,0,0.0,0.0
1,"game, match, cup",2026-06-18,0,0.0,0,0.0,0.0
1,"game, match, cup",2026-06-19,0,0.0,0,0.0,0.0
1,"game, match, cup",2026-06-20,0,0.0,0,0.0,0.0
1,"game, match, cup",2026-06-21,0,0.0,0,0.0,0.0
1,"game, match, cup",2026-06-22,0,0.0,0,0.0,0.0
1,"game, match, cup",2026-06-23,0,0.0,0,0.0,0.0
1,"game, match, cup",2026-06-24,0,0.0,0,0.0,0.0
1,"game, match, cup",2026-06-25,0,0.0,0,0.0,0.0
1,"game, match, cup",2026-06-26,0,0.0,0,0.0,0.0
1,"game, match, cup",2026-06-27,0,0.0,0,0.0,0.0
1,"game, match, cup",2026-06-28,0,0.0,0,0.0,0.0
1,"game, match, cup",2026-06-29,0,0.0,0,0.0,0.0
1,"game, match, cup",2026-06-30,0,0.0,0,0.0,0.0
1,"game, match, cup",2026-07-01,0,0.0,0,0.0,0.0
1,"game, match, cup",2026-07-02,0,0.0,0,0.0,0.0
1,"game, match, cup",2026-07-03,0,0.0,0,0.0,0.0
1,"game, match, cup",2026-07-04,0,0.0,0,0.0,0.0
1,"game, match, cup",2026-07-05,0,0.0,0,0.0,0.0
1,"game, match, cup",2026-07-06,0,0.0,0,0.0,0.0
1,"game, match, cup",2026-07-07,0,0.0,0,0.0,0.0
1,"game, match, cup",2026-07-08,0,0.0,0,0.0,0.0
1,"game, match, cup",2026-07-09,0,0.0,0,0.0,0.0
1,"game, match, cup",2026-07-10,0,0.0,0,0.0,0.0
1,"game, match, cup",2026-07-11,0,0.0,0,0.0,0.0
1,"game, match, cup",2026-07-12,0,0.0,0,0.0,0.0
1,"game, match, cup",2026-07-13,0,0.0,0,0.0,0.0
1,"game, match, cup",2026-07-14,0,0.0,0,0.0,0.0
1,"game, match, cup",2026-07-15,0,0.0,0,0.0,0.0
1,"game, match, cup",2026-07-16,0,0.0,0,0.0,0.0
1,"game, match, cup",2026-07-17,0,0.0,0,0.0,0.0
1,"game, match, cup",2026-07-18,0,0.0,0,0.0,0.0
1,"game, match, cup",2026-07-19,0,0.0,0,0.0,0.0
1,"game, match, cup",2026-07-20,0,0.0,0,0.0,0.0
1,"game, match, cup",2026-07-21,0,0.0,0,0.0,0.0
1,"game, match, cup",2026-07-22,0,0.0,0,0.0,0.0
1,"game, match, cup",2026-07-23,0,0.0,0,0.0,0.0
1,"game, match, cup",2026-07-24,0,0.0,0,0.0,0.0
1,"game, match, cup",2026-07-25,0,0.0,0,0.0,0.0
1,"game, match, cup",2026-07-26,0,0.0,0,0.0,0.0
1,"game, match, cup",2026-07-27,0,0.0,0,0.0,0.0
1,"game, match, cup",2026-07-28,0,0.0,0,0.0,0.0
1,"game, match, cup",2026-07-29,0,0.0,0,0.0,0.0
1,"game, match, cup",2026-07-30,0,0.0,0,0.0,0.0
1,"game, match, cup",2026-07-31,0,0.0,0,0.0,0.0
1,"game, match, cup",2026-08-01,0,0.0,0,0.0,0.0
1,"game, match, cup",2026-08-02,0,0.0,0,0.0,0.0
1,"game, match, cup",2026-08-03,0,0.0,0,0.0,0.0
1,"game, match, cup",2026-08-04,0,0.0,0,0.0,0.0
1,"game, match, cup",2026-08-05,0,0.0,0,0.0,0.0
1,"game, match, cup",2026-08-06,0,0.0,0,0.0,0.0
1,"game, match, cup",2026-08-07,0,0.0,0,0.0,0.0
1,"game, match, cup",2026-08-08,0,0.0,0,0.0,0.0
1,"game, match, cup",2026-08-09,0,0.0,0,0.0,0.0
1,"game, match, cup",2026-08-10,0,0.0,0,0.0,0.0
1,"game, match, cup",2026-08-11,0,0.0,0,0.0,0.0
1,"game, match, cup",2026-08-12,0,0.0,0,0.0,0.0
1,"game, match, cup",2026-08-13,0,0.0,0,0.0,0.0
1,"game, match, cup",2026-08-14,0,0.0,0,0.0,0.0
1,"game, match, cup",2026-08-15,0,0.0,0,0.0,0.0
1,"game, match, cup",2026-08-16,0,0.0,0,0.0,0.0
1,"game, match, cup",2026-08-17,0,0.0,0,0.0,0.0
1,"game, match, cup",2026-08-18,0,0.0,0,0.0,0.0
1,"game, match, cup",2026-08-19,0,0.0,0,0.0,0.0
1,"game, match, cup",2026-08-20,0,0.0,0,0.0,0.0
1,"game, match, cup",2026-08-21,0,0.0,0,0.0,0.0
1,"game, match, cup",2026-08-22,0,0.0,0,0.0,0.0
1,"game, match, cup",2026-08-23,0,0.0,0,0.0,0.0
1,"game, match, cup",2026-08-24,0,0.0,0,0.0,0.0
1,"game, match, cup",2026-08-25,0,0.0,0,0.0,0.0
1,"game, match, cup",2026-08-26,0,0.0,0,0.0,0.0
1,"game, match, cup",2026-08-27,0,0.0,0,0.0,0.0
1,"game, match, cup",2026-08-28,0,0.0,0,0.0,0.0
1,"game, match, cup",2026-08-29,0,0.0,0,0.0,0.0
1,"game, match, cup",2026-08-30,0,0.0,0,0.0,0.0
1,"game, match, cup",2026-08-31,0,0.0,0,0.0,0.0
1,"game, match, cup",2026-09-01,0,0.0,0,0.0,0.0
1,"game, match, cup",2026-09-02,0,0.0,0,0.0,0.0
1,"game, match, cup",2026-09-03,0,0.0,0,0.0,0.0
1,"game, match, cup",2026-09-04,0,0.0,0,0.0,0.0
1,"game, match, cup",2026-09-05,0,0.0,0,0.0,0.0
1,"game, match, cup",2026-09-06,0,0.0,0,0.0,0.0
1,"game, match, cup",2026-09-07,0,0.0,0,0.0,0.0
1,"game, match, cup",2026-09-08,1,0.0,1,0.33,0.14
1,"game, match, cup",2026-09-09,0,1.0,-1,0.33,0.14
1,"game, match, cup",2026-09-10,0,0.0,0,0.33,0.14
1,"game, match, cup",2026-09-11,0,0.0,0,0.0,0.14
1,"game, match, cup",2026-09-12,0,0.0,0,0.0,0.14
1,"game, match, cup",2026-09-13,0,0.0,0,0.0,0.14
1,"game, match, cup",2026-09-14,0,0.0,0,0.0,0.14
1,"game, match, cup",2026-09-15,0,0.0,0,0.0,0.0
1,"game, match, cup",2026-09-16,0,0.0,0,0.0,0.0
1,"game, match, cup",2026-09-17,0,0.0,0,0.0,0.0
1,"game, match, cup",2026-09-18,0,0.0,0,0.0,0.0
1,"game, match, cup",2026-09-19,0,0.0,0,0.0,0.0
1,"game, match, cup",2026-09-20,0,0.0,0,0.0,0.0
1,"game, match, cup",2026-09-21,0,0.0,0,0.0,0.0
1,"game, match, cup",2026-09-22,0,0.0,0,0.0,0.0
1,"game, match, cup",2026-09-23,0,0.0,0,0.0,0.0
1,"game, match, cup",2026-09-24,0,0.0,0,0.0,0.0
1,"game, match, cup",2026-09-25,0,0.0,0,0.0,0.0
1,"game, match, cup",2026-09-26,0,0.0,0,0.0,0.0
1,"game, match, cup",2026-09-27,6,0.0,6,2.0,0.86
1,"game, match, cup",2026-09-28,7,6.0,1,4.33,1.86
1,"game, match, cup",2026-09-29,2,7.0,-5,5.0,2.14
1,"game, match, cup",2026-09-30,2,2.0,0,3.67,2.43
2,"human, right, woman",2026-03-24,0,,0,0.0,0.0
2,"human, right, woman",2026-03-25,0,0.0,0,0.0,0.0
2,"human, right, woman",2026-03-26,0,0.0,0,0.0,0.0
2,"human, right, woman",2026-03-27,0,0.0,0,0.0,0.0
2,"human, right, woman",2026-03-28,0,0.0,0,0.0,0.0
2,"human, right, woman",2026-03-29,0,0.0,0,0.0,0.0
2,"human, right, woman",2026-03-30,0,0.0,0,0.0,0.0
2,"human, right, woman",2026-03-31,0,0.0,0,0.0,0.0
2,"human, right, woman",2026-04-01,0,0.0,0,0.0,0.0
2,"human, right, woman",2026-04-02,0,0.0,0,0.0,0.0
2,"human, right, woman",2026-04-03,0,0.0,0,0.0,0.0
2,"human, right, woman",2026-04-04,0,0.0,0,0.0,0.0
2,"human, right, woman",2026-04-05,0,0.0,0,0.0,0.0
2,"human, right, woman",2026-04-06,0,0.0,0,0.0,0.0
2,"human, right, woman",2026-04-07,0,0.0,0,0.0,0.0
2,"human, right, woman",2026-04-08,0,0.0,0,0.0,0.0
2,"human, right, woman",2026-04-09,0,0.0,0,0.0,0.0
2,"human, right, woman",2026-04-10,0,0.0,0,0.0,0.0
2,"human, right, woman",2026-04-11,0,0.0,0,0.0,0.0
2,"human, right, woman",2026-04-12,0,0.0,0,0.0,0.0
2,"human, right, woman",2026-04-13,0,0.0,0,0.0,0.0
2,"human, right, woman",2026-04-14,0,0.0,0,0.0,0.0
2,"human, right, woman",2026-04-15,0,0.0,0,0.0,0.0
2,"human, right, woman",2026-04-16,0,0.0,0,0.0,0.0
2,"human, right, woman",2026-04-17,0,0.0,0,0.0,0.0
2,"human, right, woman",2026-04-18,0,0.0,0,0.0,0.0
2,"human, right, woman",2026-04-19,0,0.0,0,0.0,0.0
2,"human, right, woman",2026-04-20,0,0.0,0,0.0,0.0
2,"human, right, woman",2026-04-21,0,0.0,0,0.0,0.0
2,"human, right, woman",2026-04-22,0,0.0,0,0.0,0.0
2,"human, right, woman",2026-04-23,0,0.0,0,0.0,0.0
2,"human, right, woman",2026-04-24,0,0.0,0,0.0,0.0
2,"human, right, woman",2026-04-25,0,0.0,0,0.0,0.0
2,"human, right, woman",2026-04-26,0,0.0,0,0.0,0.0
2,"human, right, woman",2026-04-27,0,0.0,0,0.0,0.0
2,"human, right, woman",2026-04-28,0,0.0,0,0.0,0.0
2,"human, right, woman",2026-04-29,0,0.0,0,0.0,0.0
2,"human, right, woman",2026-04-30,0,0.0,0,0.0,0.0
2,"human, right, woman",2026-05-01,0,0.0,0,0.0,0.0
2,"human, right, woman",2026-05-02,0,0.0,0,0.0,0.0
2,"human, right, woman",2026-05-03,0,0.0,0,0.0,0.0
2,"human, right, woman",2026-05-04,0,0.0,0,0.0,0.0
2,"human, right, woman",2026-05-05,0,0.0,0,0.0,0.0
2,"human, right, woman",2026-05-06,0,0.0,0,0.0,0.0
2,"human, right, woman",2026-05-07,0,0.0,0,0.0,0.0
2,"human, right, woman",2026-05-08,0,0.0,0,0.0,0.0
2,"human, right, woman",2026-05-09,0,0.0,0,0.0,0.0
2,"human, right, woman",2026-05-10,0,0.0,0,0.0,0.0
2,"human, right, woman",2026-05-11,0,0.0,0,0.0,0.0
2,"human, right, woman",2026-05-12,0,0.0,0,0.0,0.0
2,"human, right, woman",2026-05-13,0,0.0,0,0.0,0.0
2,"human, right, woman",2026-05-14,0,0.0,0,0.0,0.0
2,"human, right, woman",2026-05-15,0,0.0,0,0.0,0.0
2,"human, right, woman",2026-05-16,0,0.0,0,0.0,0.0
2,"human, right, woman",2026-05-17,0,0.0,0,0.0,0.0
2,"human, right, woman",2026-05-18,0,0.0,0,0.0,0.0
2,"human, right, woman",2026-05-19,0,0.0,0,0.0,0.0
2,"human, right, woman",2026-05-20,0,0.0,0,0.0,0.0
2,"human, right, woman",2026-05-21,0,0.0,0,0.0,0.0
2,"human, right, woman",2026-05-22,0,0.0,0,0.0,0.0
2,"human, right, woman",2026-05-23,0,0.0,0,0.0,0.0
2,"human, right, woman",2026-05-24,0,0.0,0,0.0,0.0
2,"human, right, woman",2026-05-25,0,0.0,0,0.0,0.0
2,"human, right, woman",2026-05-26,0,0.0,0,0.0,0.0
2,"human, right, woman",2026-05-27,0,0.0,0,0.0,0.0
2,"human, right, woman",2026-05-28,0,0.0,0,0.0,0.0
2,"human, right, woman",2026-05-29,0,0.0,0,0.0,0.0
2,"human, right, woman",2026-05-30,0,0.0,0,0.0,0.0
2,"human, right, woman",2026-05-31,0,0.0,0,0.0,0.0
2,"human, right, woman",2026-06-01,0,0.0,0,0.0,0.0
2,"human, right, woman",2026-06-02,0,0.0,0,0.0,0.0
2,"human, right, woman",2026-06-03,0,0.0,0,0.0,0.0
2,"human, right, woman",2026-06-04,0,0.0,0,0.0,0.0
2,"human, right, woman",2026-06-05,0,0.0,0,0.0,0.0
2,"human, right, woman",2026-06-06,0,0.0,0,0.0,0.0
2,"human, right, woman",2026-06-07,0,0.0,0,0.0,0.0
2,"human, right, woman",2026-06-08,0,0.0,0,0.0,0.0
2,"human, right, woman",2026-06-09,0,0.0,0,0.0,0.0
2,"human, right, woman",2026-06-10,0,0.0,0,0.0,0.0
2,"human, right, woman",2026-06-11,0,0.0,0,0.0,0.0
2,"human, right, woman",2026-06-12,0,0.0,0,0.0,0.0
2,"human, right, woman",2026-06-13,0,0.0,0,0.0,0.0
2,"human, right, woman",2026-06-14,0,0.0,0,0.0,0.0
2,"human, right, woman",2026-06-15,0,0.0,0,0.0,0.0
2,"human, right, woman",2026-06-16,0,0.0,0,0.0,0.0
2,"human, right, woman",2026-06-17,0,0.0,0,0.0,0.0
2,"human, right, woman",2026-06-18,0,0.0,0,0.0,0.0
2,"human, right, woman",2026-06-19,0,0.0,0,0.0,0.0
2,"human, right, woman",2026-06-20,0,0.0,0,0.0,0.0
2,"human, right, woman",2026-06-21,0,0.0,0,0.0,0.0
2,"human, right, woman",2026-06-22,0,0.0,0,0.0,0.0
2,"human, right, woman",2026-06-23,0,0.0,0,0.0,0.0
2,"human, right, woman",2026-06-24,0,0.0,0,0.0,0.0
2,"human, right, woman",2026-06-25,0,0.0,0,0.0,0.0
2,"human, right, woman",2026-06-26,0,0.0,0,0.0,0.0
2,"human, right, woman",2026-06-27,0,0.0,0,0.0,0.0
2,"human, right, woman",2026-06-28,0,0.0,0,0.0,0.0
2,"human, right, woman",2026-06-29,0,0.0,0,0.0,0.0
2,"human, right, woman",2026-06-30,0,0.0,0,0.0,0.0
2,"human, right, woman",2026-07-01,0,0.0,0,0.0,0.0
2,"human, right, woman",2026-07-02,0,0.0,0,0.0,0.0
2,"human, right, woman",2026-07-03,0,0.0,0,0.0,0.0
2,"human, right, woman",2026-07-04,0,0.0,0,0.0,0.0
2,"human, right, woman",2026-07-05,0,0.0,0,0.0,0.0
2,"human, right, woman",2026-07-06,0,0.0,0,0.0,0.0
2,"human, right, woman",2026-07-07,0,0.0,0,0.0,0.0
2,"human, right, woman",2026-07-08,0,0.0,0,0.0,0.0
2,"human, right, woman",2026-07-09,0,0.0,0,0.0,0.0
2,"human, right, woman",2026-07-10,0,0.0,0,0.0,0.0
2,"human, right, woman",2026-07-11,0,0.0,0,0.0,0.0
2,"human, right, woman",2026-07-12,0,0.0,0,0.0,0.0
2,"human, right, woman",2026-07-13,0,0.0,0,0.0,0.0
2,"human, right, woman",2026-07-14,0,0.0,0,0.0,0.0
2,"human, right, woman",2026-07-15,0,0.0,0,0.0,0.0
2,"human, right, woman",2026-07-16,0,0.0,0,0.0,0.0
2,"human, right, woman",2026-07-17,0,0.0,0,0.0,0.0
2,"human, right, woman",2026-07-18,0,0.0,0,0.0,0.0
2,"human, right, woman",2026-07-19,0,0.0,0,0.0,0.0
2,"human, right, woman",2026-07-20,0,0.0,0,0.0,0.0
2,"human, right, woman",2026-07-21,0,0.0,0,0.0,0.0
2,"human, right, woman",2026-07-22,0,0.0,0,0.0,0.0
2,"human, right, woman",2026-07-23,0,0.0,0,0.0,0.0
2,"human, right, woman",2026-07-24,0,0.0,0,0.0,0.0
2,"human, right, woman",2026-07-25,0,0.0,0,0.0,0.0
2,"human, right, woman",2026-07-26,0,0.0,0,0.0,0.0
2,"human, right, woman",2026-07-27,0,0.0,0,0.0,0.0
2,"human, right, woman",2026-07-28,0,0.0,0,0.0,0.0
2,"human, right, woman",2026-07-29,0,0.0,0,0.0,0.0
2,"human, right, woman",2026-07-30,0,0.0,0,0.0,0.0
2,"human, right, woman",2026-07-31,0,0.0,0,0.0,0.0
2,"human, right, woman",2026-08-01,0,0.0,0,0.0,0.0
2,"human, right, woman",2026-08-02,0,0.0,0,0.0,0.0
2,"human, right, woman",2026-08-03,0,0.0,0,0.0,0.0
2,"human, right, woman",2026-08-04,0,0.0,0,0.0,0.0
2,"human, right, woman",2026-08-05,0,0.0,0,0.0,0.0
2,"human, right, woman",2026-08-06,0,0.0,0,0.0,0.0
2,"human, right, woman",2026-08-07,0,0.0,0,0.0,0.0
2,"human, right, woman",2026-08-08,0,0.0,0,0.0,0.0
2,"human, right, woman",2026-08-09,0,0.0,0,0.0,0.0
2,"human, right, woman",2026-08-10,0,0.0,0,0.0,0.0
2,"human, right, woman",2026-08-11,0,0.0,0,0.0,0.0
2,"human, right, woman",2026-08-12,0,0.0,0,0.0,0.0
2,"human, right, woman",2026-08-13,0,0.0,0,0.0,0.0
2,"human, right, woman",2026-08-14,0,0.0,0,0.0,0.0
2,"human, right, woman",2026-08-15,0,0.0,0,0.0,0.0
2,"human, right, woman",2026-08-16,0,0.0,0,0.0,0.0
2,"human, right, woman",2026-08-17,0,0.0,0,0.0,0.0
2,"human, right, woman",2026-08-18,0,0.0,0,0.0,0.0
2,"human, right, woman",2026-08-19,0,0.0,0,0.0,0.0
2,"human, right, woman",2026-08-20,0,0.0,0,0.0,0.0
2,"human, right, woman",2026-08-21,0,0.0,0,0.0,0.0
2,"human, right, woman",2026-08-22,0,0.0,0,0.0,0.0
2,"human, right, woman",2026-08-23,0,0.0,0,0.0,0.0
2,"human, right, woman",2026-08-24,0,0.0,0,0.0,0.0
2,"human, right, woman",2026-08-25,0,0.0,0,0.0,0.0
2,"human, right, woman",2026-08-26,0,0.0,0,0.0,0.0
2,"human, right, woman",2026-08-27,0,0.0,0,0.0,0.0
2,"human, right, woman",2026-08-28,0,0.0,0,0.0,0.0
2,"human, right, woman",2026-08-29,0,0.0,0,0.0,0.0
2,"human, right, woman",2026-08-30,0,0.0,0,0.0,0.0
2,"human, right, woman",2026-08-31,0,0.0,0,0.0,0.0
2,"human, right, woman",2026-09-01,0,0.0,0,0.0,0.0
2,"human, right, woman",2026-09-02,0,0.0,0,0.0,0.0
2,"human, right, woman",2026-09-03,0,0.0,0,0.0,0.0
2,"human, right, woman",2026-09-04,0,0.0,0,0.0,0.0
2,"human, right, woman",2026-09-05,0,0.0,0,0.0,0.0
2,"human, right, woman",2026-09-06,1,0.0,1,0.33,0.14
2,"human, right, woman",2026-09-07,0,1.0,-1,0.33,0.14
2,"human, right, woman",2026-09-08,1,0.0,1,0.67,0.29
2,"human, right, woman",2026-09-09,0,1.0,-1,0.33,0.29
2,"human, right, woman",2026-09-10,0,0.0,0,0.33,0.29
2,"human, right, woman",2026-09-11,0,0.0,0,0.0,0.29
2,"human, right, woman",2026-09-12,0,0.0,0,0.0,0.29
2,"human, right, woman",2026-09-13,0,0.0,0,0.0,0.14
2,"human, right, woman",2026-09-14,0,0.0,0,0.0,0.14
2,"human, right, woman",2026-09-15,0,0.0,0,0.0,0.0
2,"human, right, woman",2026-09-16,0,0.0,0,0.0,0.0
2,"human, right, woman",2026-09-17,0,0.0,0,0.0,0.0
2,"human, right, woman",2026-09-18,0,0.0,0,0.0,0.0
2,"human, right, woman",2026-09-19,0,0.0,0,0.0,0.0
2,"human, right, woman",2026-09-20,0,0.0,0,0.0,0.0
2,"human, right, woman",2026-09-21,0,0.0,0,0.0,0.0
2,"human, right, woman",2026-09-22,0,0.0,0,0.0,0.0
2,"human, right, woman",2026-09-23,0,0.0,0,0.0,0.0
2,"human, right, woman",2026-09-24,0,0.0,0,0.0,0.0
2,"human, right, woman",2026-09-25,0,0.0,0,0.0,0.0
2,"human, right, woman",2026-09-26,1,0.0,1,0.33,0.14
2,"human, right, woman",2026-09-27,5,1.0,4,2.0,0.86
2,"human, right, woman",2026-09-28,2,5.0,-3,2.67,1.14
2,"human, right, woman",2026-09-29,2,2.0,0,3.0,1.43
2,"human, right, woman",2026-09-30,4,2.0,2,2.67,2.0
3,"price, oil, rupee",2026-03-24,0,,0,0.0,0.0
3,"price, oil, rupee",2026-03-25,0,0.0,0,0.0,0.0
3,"price, oil, rupee",2026-03-26,0,0.0,0,0.0,0.0
3,"price, oil, rupee",2026-03-27,0,0.0,0,0.0,0.0
3,"price, oil, rupee",2026-03-28,0,0.0,0,0.0,0.0
3,"price, oil, rupee",2026-03-29,0,0.0,0,0.0,0.0
3,"price, oil, rupee",2026-03-30,0,0.0,0,0.0,0.0
3,"price, oil, rupee",2026-03-31,0,0.0,0,0.0,0.0
3,"price, oil, rupee",2026-04-01,0,0.0,0,0.0,0.0
3,"price, oil, rupee",2026-04-02,0,0.0,0,0.0,0.0
3,"price, oil, rupee",2026-04-03,0,0.0,0,0.0,0.0
3,"price, oil, rupee",2026-04-04,0,0.0,0,0.0,0.0
3,"price, oil, rupee",2026-04-05,0,0.0,0,0.0,0.0
3,"price, oil, rupee",2026-04-06,0,0.0,0,0.0,0.0
3,"price, oil, rupee",2026-04-07,0,0.0,0,0.0,0.0
3,"price, oil, rupee",2026-04-08,0,0.0,0,0.0,0.0
3,"price, oil, rupee",2026-04-09,0,0.0,0,0.0,0.0
3,"price, oil, rupee",2026-04-10,0,0.0,0,0.0,0.0
3,"price, oil, rupee",2026-04-11,0,0.0,0,0.0,0.0
3,"price, oil, rupee",2026-04-12,0,0.0,0,0.0,0.0
3,"price, oil, rupee",2026-04-13,0,0.0,0,0.0,0.0
3,"price, oil, rupee",2026-04-14,0,0.0,0,0.0,0.0
3,"price, oil, rupee",2026-04-15,0,0.0,0,0.0,0.0
3,"price, oil, rupee",2026-04-16,0,0.0,0,0.0,0.0
3,"price, oil, rupee",2026-04-17,0,0.0,0,0.0,0.0
3,"price, oil, rupee",2026-04-18,0,0.0,0,0.0,0.0
3,"price, oil, rupee",2026-04-19,0,0.0,0,0.0,0.0
3,"price, oil, rupee",2026-04-20,0,0.0,0,0.0,0.0
3,"price, oil, rupee",2026-04-21,0,0.0,0,0.0,0.0
3,"price, oil, rupee",2026-04-22,0,0.0,0,0.0,0.0
3,"price, oil, rupee",2026-04-23,0,0.0,0,0.0,0.0
3,"price, oil, rupee",2026-04-24,0,0.0,0,0.0,0.0
3,"price, oil, rupee",2026-04-25,0,0.0,0,0.0,0.0
3,"price, oil, rupee",2026-04-26,0,0.0,0,0.0,0.0
3,"price, oil, rupee",2026-04-27,0,0.0,0,0.0,0.0
3,"price, oil, rupee",2026-04-28,0,0.0,0,0.0,0.0
3,"price, oil, rupee",2026-04-29,0,0.0,0,0.0,0.0
3,"price, oil, rupee",2026-04-30,0,0.0,0,0.0,0.0
3,"price, oil, rupee",2026-05-01,0,0.0,0,0.0,0.0
3,"price, oil, rupee",2026-05-02,0,0.0,0,0.0,0.0
3,"price, oil, rupee",2026-05-03,0,0.0,0,0.0,0.0
3,"price, oil, rupee",2026-05-04,0,0.0,0,0.0,0.0
3,"price, oil, rupee",2026-05-05,0,0.0,0,0.0,0.0
3,"price, oil, rupee",2026-05-06,0,0.0,0,0.0,0.0
3,"price, oil, rupee",2026-05-07,0,0.0,0,0.0,0.0
3,"price, oil, rupee",2026-05-08,0,0.0,0,0.0,0.0
3,"price, oil, rupee",2026-05-09,0,0.0,0,0.0,0.0
3,"price, oil, rupee",2026-05-10,0,0.0,0,0.0,0.0
3,"price, oil, rupee",2026-05-11,0,0.0,0,0.0,0.0
3,"price, oil, rupee",2026-05-12,0,0.0,0,0.0,0.0
3,"price, oil, rupee",2026-05-13,0,0.0,0,0.0,0.0
3,"price, oil, rupee",2026-05-14,0,0.0,0,0.0,0.0
3,"price, oil, rupee",2026-05-15,0,0.0,0,0.0,0.0
3,"price, oil, rupee",2026-05-16,0,0.0,0,0.0,0.0
3,"price, oil, rupee",2026-05-17,0,0.0,0,0.0,0.0
3,"price, oil, rupee",2026-05-18,0,0.0,0,0.0,0.0
3,"price, oil, rupee",2026-05-19,0,0.0,0,0.0,0.0
3,"price, oil, rupee",2026-05-20,0,0.0,0,0.0,0.0
3,"price, oil, rupee",2026-05-21,0,0.0,0,0.0,0.0
3,"price, oil, rupee",2026-05-22,0,0.0,0,0.0,0.0
3,"price, oil, rupee",2026-05-23,0,0.0,0,0.0,0.0
3,"price, oil, rupee",2026-05-24,0,0.0,0,0.0,0.0
3,"price, oil, rupee",2026-05-25,0,0.0,0,0.0,0.0
3,"price, oil, rupee",2026-05-26,0,0.0,0,0.0,0.0
3,"price, oil, rupee",2026-05-27,0,0.0,0,0.0,0.0
3,"price, oil, rupee",2026-05-28,0,0.0,0,0.0,0.0
3,"price, oil, rupee",2026-05-29,0,0.0,0,0.0,0.0
3,"price, oil, rupee",2026-05-30,0,0.0,0,0.0,0.0
3,"price, oil, rupee",2026-05-31,0,0.0,0,0.0,0.0
3,"price, oil, rupee",2026-06-01,0,0.0,0,0.0,0.0
3,"price, oil, rupee",2026-06-02,0,0.0,0,0.0,0.0
3,"price, oil, rupee",2026-06-03,0,0.0,0,0.0,0.0
3,"price, oil, rupee",2026-06-04,0,0.0,0,0.0,0.0
3,"price, oil, rupee",2026-06-05,0,0.0,0,0.0,0.0
3,"price, oil, rupee",2026-06-06,0,0.0,0,0.0,0.0
3,"price, oil, rupee",2026-06-07,0,0.0,0,0.0,0.0
3,"price, oil, rupee",2026-06-08,0,0.0,0,0.0,0.0
3,"price, oil, rupee",2026-06-09,0,0.0,0,0.0,0.0
3,"price, oil, rupee",2026-06-10,0,0.0,0,0.0,0.0
3,"price, oil, rupee",2026-06-11,0,0.0,0,0.0,0.0
3,"price, oil, rupee",2026-06-12,0,0.0,0,0.0,0.0
3,"price, oil, rupee",2026-06-13,0,0.0,0,0.0,0.0
3,"price, oil, rupee",2026-06-14,0,0.0,0,0.0,0.0
3,"price, oil, rupee",2026-06-15,0,0.0,0,0.0,0.0
3,"price, oil, rupee",2026-06-16,0,0.0,0,0.0,0.0
3,"price, oil, rupee",2026-06-17,0,0.0,0,0.0,0.0
3,"price, oil, rupee",2026-06-18,0,0.0,0,0.0,0.0
3,"price, oil, rupee",2026-06-19,0,0.0,0,0.0,0.0
3,"price, oil, rupee",2026-06-20,0,0.0,0,0.0,0.0
3,"price, oil, rupee",2026-06-21,0,0.0,0,0.0,0.0
3,"price, oil, rupee",2026-06-22,0,0.0,0,0.0,0.0
3,"price, oil, rupee",2026-06-23,0,0.0,0,0.0,0.0
3,"price, oil, rupee",2026-06-24,0,0.0,0,0.0,0.0
3,"price, oil, rupee",2026-06-25,0,0.0,0,0.0,0.0
3,"price, oil, rupee",2026-06-26,0,0.0,0,0.0,0.0
3,"price, oil, rupee",2026-06-27,0,0.0,0,0.0,0.0
3,"price, oil, rupee",2026-06-28,0,0.0,0,0.0,0.0
3,"price, oil, rupee",2026-06-29,0,0.0,0,0.0,0.0
3,"price, oil, rupee",2026-06-30,0,0.0,0,0.0,0.0
3,"price, oil, rupee",2026-07-01,0,0.0,0,0.0,0.0
3,"price, oil, rupee",2026-07-02,0,0.0,0,0.0,0.0
3,"price, oil, rupee",2026-07-03,0,0.0,0,0.0,0.0
3,"price, oil, rupee",2026-07-04,0,0.0,0,0.0,0.0
3,"price, oil, rupee",2026-07-05,0,0.0,0,0.0,0.0
3,"price, oil, rupee",2026-07-06,0,0.0,0,0.0,0.0
3,"price, oil, rupee",2026-07-07,0,0.0,0,0.0,0.0
3,"price, oil, rupee",2026-07-08,0,0.0,0,0.0,0.0
3,"price, oil, rupee",2026-07-09,0,0.0,0,0.0,0.0
3,"price, oil, rupee",2026-07-10,0,0.0,0,0.0,0.0
3,"price, oil, rupee",2026-07-11,0,0.0,0,0.0,0.0
3,"price, oil, rupee",2026-07-12,0,0.0,0,0.0,0.0
3,"price, oil, rupee",2026-07-13,0,0.0,0,0.0,0.0
3,"price, oil, rupee",2026-07-14,0,0.0,0,0.0,0.0
3,"price, oil, rupee",2026-07-15,0,0.0,0,0.0,0.0
3,"price, oil, rupee",2026-07-16,0,0.0,0,0.0,0.0
3,"price, oil, rupee",2026-07-17,0,0.0,0,0.0,0.0
3,"price, oil, rupee",2026-07-18,0,0.0,0,0.0,0.0
3,"price, oil, rupee",2026-07-19,0,0.0,0,0.0,0.0
3,"price, oil, rupee",2026-07-20,0,0.0,0,0.0,0.0
3,"price, oil, rupee",2026-07-21,0,0.0,0,0.0,0.0
3,"price, oil, rupee",2026-07-22,0,0.0,0,0.0,0.0
3,"price, oil, rupee",2026-07-23,0,0.0,0,0.0,0.0
3,"price, oil, rupee",2026-07-24,0,0.0,0,0.0,0.0
3,"price, oil, rupee",2026-07-25,0,0.0,0,0.0,0.0
3,"price, oil, rupee",2026-07-26,0,0.0,0,0.0,0.0
3,"price, oil, rupee",2026-07-27,0,0.0,0,0.0,0.0
3,"price, oil, rupee",2026-07-28,0,0.0,0,0.0,0.0
3,"price, oil, rupee",2026-07-29,0,0.0,0,0.0,0.0
3,"price, oil, rupee",2026-07-30,0,0.0,0,0.0,0.0
3,"price, oil, rupee",2026-07-31,0,0.0,0,0.0,0.0
3,"price, oil, rupee",2026-08-01,0,0.0,0,0.0,0.0
3,"price, oil, rupee",2026-08-02,0,0.0,0,0.0,0.0
3,"price, oil, rupee",2026-08-03,0,0.0,0,0.0,0.0
3,"price, oil, rupee",2026-08-04,0,0.0,0,0.0,0.0
3,"price, oil, rupee",2026-08-05,0,0.0,0,0.0,0.0
3,"price, oil, rupee",2026-08-06,0,0.0,0,0.0,0.0
3,"price, oil, rupee",2026-08-07,0,0.0,0,0.0,0.0
3,"price, oil, rupee",2026-08-08,0,0.0,0,0.0,0.0
3,"price, oil, rupee",2026-08-09,0,0.0,0,0.0,0.0
3,"price, oil, rupee",2026-08-10,0,0.0,0,0.0,0.0
3,"price, oil, rupee",2026-08-11,0,0.0,0,0.0,0.0
3,"price, oil, rupee",2026-08-12,0,0.0,0,0.0,0.0
3,"price, oil, rupee",2026-08-13,0,0.0,0,0.0,0.0
3,"price, oil, rupee",2026-08-14,0,0.0,0,0.0,0.0
3,"price, oil, rupee",2026-08-15,0,0.0,0,0.0,0.0
3,"price, oil, rupee",2026-08-16,0,0.0,0,0.0,0.0
3,"price, oil, rupee",2026-08-17,0,0.0,0,0.0,0.0
3,"price, oil, rupee",2026-08-18,0,0.0,0,0.0,0.0
3,"price, oil, rupee",2026-08-19,0,0.0,0,0.0,0.0
3,"price, oil, rupee",2026-08-20,0,0.0,0,0.0,0.0
3,"price, oil, rupee",2026-08-21,0,0.0,0,0.0,0.0
3,"price, oil, rupee",2026-08-22,0,0.0,0,0.0,0.0
3,"price, oil, rupee",2026-08-23,0,0.0,0,0.0,0.0
3,"price, oil, rupee",2026-08-24,0,0.0,0,0.0,0.0
3,"price, oil, rupee",2026-08-25,0,0.0,0,0.0,0.0
3,"price, oil, rupee",2026-08-26,0,0.0,0,0.0,0.0
3,"price, oil, rupee",2026-08-27,0,0.0,0,0.0,0.0
3,"price, oil, rupee",2026-08-28,0,0.0,0,0.0,0.0
3,"price, oil, rupee",2026-08-29,0,0.0,0,0.0,0.0
3,"price, oil, rupee",2026-08-30,0,0.0,0,0.0,0.0
3,"price, oil, rupee",2026-08-31,0,0.0,0,0.0,0.0
3,"price, oil, rupee",2026-09-01,0,0.0,0,0.0,0.0
3,"price, oil, rupee",2026-09-02,0,0.0,0,0.0,0.0
3,"price, oil, rupee",2026-09-03,0,0.0,0,0.0,0.0
3,"price, oil, rupee",2026-09-04,0,0.0,0,0.0,0.0
3,"price, oil, rupee",2026-09-05,0,0.0,0,0.0,0.0
3,"price, oil, rupee",2026-09-06,0,0.0,0,0.0,0.0
3,"price, oil, rupee",2026-09-07,0,0.0,0,0.0,0.0
3,"price, oil, rupee",2026-09-08,1,0.0,1,0.33,0.14
3,"price, oil, rupee",2026-09-09,0,1.0,-1,0.33,0.14
3,"price, oil, rupee",2026-09-10,0,0.0,0,0.33,0.14
3,"price, oil, rupee",2026-09-11,0,0.0,0,0.0,0.14
3,"price, oil, rupee",2026-09-12,0,0.0,0,0.0,0.14
3,"price, oil, rupee",2026-09-13,0,0.0,0,0.0,0.14
3,"price, oil, rupee",2026-09-14,0,0.0,0,0.0,0.14
3,"price, oil, rupee",2026-09-15,0,0.0,0,0.0,0.0
3,"price, oil, rupee",2026-09-16,0,0.0,0,0.0,0.0
3,"price, oil, rupee",2026-09-17,0,0.0,0,0.0,0.0
3,"price, oil, rupee",2026-09-18,0,0.0,0,0.0,0.0
3,"price, oil, rupee",2026-09-19,0,0.0,0,0.0,0.0
3,"price, oil, rupee",2026-09-20,0,0.0,0,0.0,0.0
3,"price, oil, rupee",2026-09-21,0,0.0,0,0.0,0.0
3,"price, oil, rupee",2026-09-22,0,0.0,0,0.0,0.0
3,"price, oil, rupee",2026-09-23,0,0.0,0,0.0,0.0
3,"price, oil, rupee",2026-09-24,0,0.0,0,0.0,0.0
3,"price, oil, rupee",2026-09-25,0,0.0,0,0.0,0.0
3,"price, oil, rupee",2026-09-26,2,0.0,2,0.67,0.29
3,"price, oil, rupee",2026-09-27,1,2.0,-1,1.0,0.43
3,"price, oil, rupee",2026-09-28,10,1.0,9,4.33,1.86
3,"price, oil, rupee",2026-09-29,8,10.0,-2,6.33,3.0
3,"price, oil, rupee",2026-09-30,10,8.0,2,9.33,4.43
4,"iran, iranian, strait",2026-03-24,1,,0,1.0,1.0
4,"iran, iranian, strait",2026-03-25,0,1.0,-1,0.5,0.5
4,"iran, iranian, strait",2026-03-26,0,0.0,0,0.33,0.33
4,"iran, iranian, strait",2026-03-27,0,0.0,0,0.0,0.25
4,"iran, iranian, strait",2026-03-28,0,0.0,0,0.0,0.2
4,"iran, iranian, strait",2026-03-29,0,0.0,0,0.0,0.17
4,"iran, iranian, strait",2026-03-30,0,0.0,0,0.0,0.14
4,"iran, iranian, strait",2026-03-31,0,0.0,0,0.0,0.0
4,"iran, iranian, strait",2026-04-01,0,0.0,0,0.0,0.0
4,"iran, iranian, strait",2026-04-02,0,0.0,0,0.0,0.0
4,"iran, iranian, strait",2026-04-03,0,0.0,0,0.0,0.0
4,"iran, iranian, strait",2026-04-04,0,0.0,0,0.0,0.0
4,"iran, iranian, strait",2026-04-05,0,0.0,0,0.0,0.0
4,"iran, iranian, strait",2026-04-06,0,0.0,0,0.0,0.0
4,"iran, iranian, strait",2026-04-07,0,0.0,0,0.0,0.0
4,"iran, iranian, strait",2026-04-08,0,0.0,0,0.0,0.0
4,"iran, iranian, strait",2026-04-09,0,0.0,0,0.0,0.0
4,"iran, iranian, strait",2026-04-10,0,0.0,0,0.0,0.0
4,"iran, iranian, strait",2026-04-11,0,0.0,0,0.0,0.0
4,"iran, iranian, strait",2026-04-12,0,0.0,0,0.0,0.0
4,"iran, iranian, strait",2026-04-13,0,0.0,0,0.0,0.0
4,"iran, iranian, strait",2026-04-14,0,0.0,0,0.0,0.0
4,"iran, iranian, strait",2026-04-15,0,0.0,0,0.0,0.0
4,"iran, iranian, strait",2026-04-16,0,0.0,0,0.0,0.0
4,"iran, iranian, strait",2026-04-17,0,0.0,0,0.0,0.0
4,"iran, iranian, strait",2026-04-18,0,0.0,0,0.0,0.0
4,"iran, iranian, strait",2026-04-19,0,0.0,0,0.0,0.0
4,"iran, iranian, strait",2026-04-20,0,0.0,0,0.0,0.0
4,"iran, iranian, strait",2026-04-21,0,0.0,0,0.0,0.0
4,"iran, iranian, strait",2026-04-22,0,0.0,0,0.0,0.0
4,"iran, iranian, strait",2026-04-23,0,0.0,0,0.0,0.0
4,"iran, iranian, strait",2026-04-24,0,0.0,0,0.0,0.0
4,"iran, iranian, strait",2026-04-25,0,0.0,0,0.0,0.0
4,"iran, iranian, strait",2026-04-26,0,0.0,0,0.0,0.0
4,"iran, iranian, strait",2026-04-27,0,0.0,0,0.0,0.0
4,"iran, iranian, strait",2026-04-28,0,0.0,0,0.0,0.0
4,"iran, iranian, strait",2026-04-29,0,0.0,0,0.0,0.0
4,"iran, iranian, strait",2026-04-30,0,0.0,0,0.0,0.0
4,"iran, iranian, strait",2026-05-01,0,0.0,0,0.0,0.0
4,"iran, iranian, strait",2026-05-02,0,0.0,0,0.0,0.0
4,"iran, iranian, strait",2026-05-03,0,0.0,0,0.0,0.0
4,"iran, iranian, strait",2026-05-04,0,0.0,0,0.0,0.0
4,"iran, iranian, strait",2026-05-05,0,0.0,0,0.0,0.0
4,"iran, iranian, strait",2026-05-06,0,0.0,0,0.0,0.0
4,"iran, iranian, strait",2026-05-07,0,0.0,0,0.0,0.0
4,"iran, iranian, strait",2026-05-08,0,0.0,0,0.0,0.0
4,"iran, iranian, strait",2026-05-09,0,0.0,0,0.0,0.0
4,"iran, iranian, strait",2026-05-10,0,0.0,0,0.0,0.0
4,"iran, iranian, strait",2026-05-11,0,0.0,0,0.0,0.0
4,"iran, iranian, strait",2026-05-12,0,0.0,0,0.0,0.0
4,"iran, iranian, strait",2026-05-13,0,0.0,0,0.0,0.0
4,"iran, iranian, strait",2026-05-14,0,0.0,0,0.0,0.0
4,"iran, iranian, strait",2026-05-15,0,0.0,0,0.0,0.0
4,"iran, iranian, strait",2026-05-16,0,0.0,0,0.0,0.0
4,"iran, iranian, strait",2026-05-17,0,0.0,0,0.0,0.0
4,"iran, iranian, strait",2026-05-18,0,0.0,0,0.0,0.0
4,"iran, iranian, strait",2026-05-19,0,0.0,0,0.0,0.0
4,"iran, iranian, strait",2026-05-20,0,0.0,0,0.0,0.0
4,"iran, iranian, strait",2026-05-21,0,0.0,0,0.0,0.0
4,"iran, iranian, strait",2026-05-22,0,0.0,0,0.0,0.0
4,"iran, iranian, strait",2026-05-23,0,0.0,0,0.0,0.0
4,"iran, iranian, strait",2026-05-24,0,0.0,0,0.0,0.0
4,"iran, iranian, strait",2026-05-25,0,0.0,0,0.0,0.0
4,"iran, iranian, strait",2026-05-26,0,0.0,0,0.0,0.0
4,"iran, iranian, strait",2026-05-27,0,0.0,0,0.0,0.0
4,"iran, iranian, strait",2026-05-28,0,0.0,0,0.0,0.0
4,"iran, iranian, strait",2026-05-29,0,0.0,0,0.0,0.0
4,"iran, iranian, strait",2026-05-30,0,0.0,0,0.0,0.0
4,"iran, iranian, strait",2026-05-31,0,0.0,0,0.0,0.0
4,"iran, iranian, strait",2026-06-01,0,0.0,0,0.0,0.0
4,"iran, iranian, strait",2026-06-02,0,0.0,0,0.0,0.0
4,"iran, iranian, strait",2026-06-03,0,0.0,0,0.0,0.0
4,"iran, iranian, strait",2026-06-04,0,0.0,0,0.0,0.0
4,"iran, iranian, strait",2026-06-05,0,0.0,0,0.0,0.0
4,"iran, iranian, strait",2026-06-06,0,0.0,0,0.0,0.0
4,"iran, iranian, strait",2026-06-07,0,0.0,0,0.0,0.0
4,"iran, iranian, strait",2026-06-08,0,0.0,0,0.0,0.0
4,"iran, iranian, strait",2026-06-09,0,0.0,0,0.0,0.0
4,"iran, iranian, strait",2026-06-10,0,0.0,0,0.0,0.0
4,"iran, iranian, strait",2026-06-11,0,0.0,0,0.0,0.0
4,"iran, iranian, strait",2026-06-12,0,0.0,0,0.0,0.0
4,"iran, iranian, strait",2026-06-13,0,0.0,0,0.0,0.0
4,"iran, iranian, strait",2026-06-14,0,0.0,0,0.0,0.0
4,"iran, iranian, strait",2026-06-15,0,0.0,0,0.0,0.0
4,"iran, iranian, strait",2026-06-16,0,0.0,0,0.0,0.0
4,"iran, iranian, strait",2026-06-17,0,0.0,0,0.0,0.0
4,"iran, iranian, strait",2026-06-18,0,0.0,0,0.0,0.0
4,"iran, iranian, strait",2026-06-19,0,0.0,0,0.0,0.0
4,"iran, iranian, strait",2026-06-20,0,0.0,0,0.0,0.0
4,"iran, iranian, strait",2026-06-21,0,0.0,0,0.0,0.0
4,"iran, iranian, strait",2026-06-22,0,0.0,0,0.0,0.0
4,"iran, iranian, strait",2026-06-23,0,0.0,0,0.0,0.0
4,"iran, iranian, strait",2026-06-24,0,0.0,0,0.0,0.0
4,"iran, iranian, strait",2026-06-25,0,0.0,0,0.0,0.0
4,"iran, iranian, strait",2026-06-26,0,0.0,0,0.0,0.0
4,"iran, iranian, strait",2026-06-27,0,0.0,0,0.0,0.0
4,"iran, iranian, strait",2026-06-28,0,0.0,0,0.0,0.0
4,"iran, iranian, strait",2026-06-29,0,0.0,0,0.0,0.0
4,"iran, iranian, strait",2026-06-30,0,0.0,0,0.0,0.0
4,"iran, iranian, strait",2026-07-01,0,0.0,0,0.0,0.0
4,"iran, iranian, strait",2026-07-02,0,0.0,0,0.0,0.0
4,"iran, iranian, strait",2026-07-03,0,0.0,0,0.0,0.0
4,"iran, iranian, strait",2026-07-04,0,0.0,0,0.0,0.0
4,"iran, iranian, strait",2026-07-05,0,0.0,0,0.0,0.0
4,"iran, iranian, strait",2026-07-06,0,0.0,0,0.0,0.0
4,"iran, iranian, strait",2026-07-07,0,0.0,0,0.0,0.0
4,"iran, iranian, strait",2026-07-08,0,0.0,0,0.0,0.0
4,"iran, iranian, strait",2026-07-09,0,0.0,0,0.0,0.0
4,"iran, iranian, strait",2026-07-10,0,0.0,0,0.0,0.0
4,"iran, iranian, strait",2026-07-11,0,0.0,0,0.0,0.0
4,"iran, iranian, strait",2026-07-12,0,0.0,0,0.0,0.0
4,"iran, iranian, strait",2026-07-13,0,0.0,0,0.0,0.0
4,"iran, iranian, strait",2026-07-14,0,0.0,0,0.0,0.0
4,"iran, iranian, strait",2026-07-15,0,0.0,0,0.0,0.0
4,"iran, iranian, strait",2026-07-16,0,0.0,0,0.0,0.0
4,"iran, iranian, strait",2026-07-17,0,0.0,0,0.0,0.0
4,"iran, iranian, strait",2026-07-18,0,0.0,0,0.0,0.0
4,"iran, iranian, strait",2026-07-19,0,0.0,0,0.0,0.0
4,"iran, iranian, strait",2026-07-20,0,0.0,0,0.0,0.0
4,"iran, iranian, strait",2026-07-21,0,0.0,0,0.0,0.0
4,"iran, iranian, strait",2026-07-22,0,0.0,0,0.0,0.0
4,"iran, iranian, strait",2026-07-23,0,0.0,0,0.0,0.0
4,"iran, iranian, strait",2026-07-24,0,0.0,0,0.0,0.0
4,"iran, iranian, strait",2026-07-25,0,0.0,0,0.0,0.0
4,"iran, iranian, strait",2026-07-26,0,0.0,0,0.0,0.0
4,"iran, iranian, strait",2026-07-27,0,0.0,0,0.0,0.0
4,"iran, iranian, strait",2026-07-28,0,0.0,0,0.0,0.0
4,"iran, iranian, strait",2026-07-29,0,0.0,0,0.0,0.0
4,"iran, iranian, strait",2026-07-30,0,0.0,0,0.0,0.0
4,"iran, iranian, strait",2026-07-31,0,0.0,0,0.0,0.0
4,"iran, iranian, strait",2026-08-01,0,0.0,0,0.0,0.0
4,"iran, iranian, strait",2026-08-02,0,0.0,0,0.0,0.0
4,"iran, iranian, strait",2026-08-03,0,0.0,0,0.0,0.0
4,"iran, iranian, strait",2026-08-04,0,0.0,0,0.0,0.0
4,"iran, iranian, strait",2026-08-05,0,0.0,0,0.0,0.0
4,"iran, iranian, strait",2026-08-06,0,0.0,0,0.0,0.0
4,"iran, iranian, strait",2026-08-07,0,0.0,0,0.0,0.0
4,"iran, iranian, strait",2026-08-08,0,0.0,0,0.0,0.0
4,"iran, iranian, strait",2026-08-09,0,0.0,0,0.0,0.0
4,"iran, iranian, strait",2026-08-10,0,0.0,0,0.0,0.0
4,"iran, iranian, strait",2026-08-11,0,0.0,0,0.0,0.0
4,"iran, iranian, strait",2026-08-12,0,0.0,0,0.0,0.0
4,"iran, iranian, strait",2026-08-13,0,0.0,0,0.0,0.0
4,"iran, iranian, strait",2026-08-14,0,0.0,0,0.0,0.0
4,"iran, iranian, strait",2026-08-15,0,0.0,0,0.0,0.0
4,"iran, iranian, strait",2026-08-16,0,0.0,0,0.0,0.0
4,"iran, iranian, strait",2026-08-17,0,0.0,0,0.0,0.0
4,"iran, iranian, strait",2026-08-18,0,0.0,0,0.0,0.0
4,"iran, iranian, strait",2026-08-19,0,0.0,0,0.0,0.0
4,"iran, iranian, strait",2026-08-20,0,0.0,0,0.0,0.0
4,"iran, iranian, strait",2026-08-21,0,0.0,0,0.0,0.0
4,"iran, iranian, strait",2026-08-22,0,0.0,0,0.0,0.0
4,"iran, iranian, strait",2026-08-23,0,0.0,0,0.0,0.0
4,"iran, iranian, strait",2026-08-24,0,0.0,0,0.0,0.0
4,"iran, iranian, strait",2026-08-25,0,0.0,0,0.0,0.0
4,"iran, iranian, strait",2026-08-26,0,0.0,0,0.0,0.0
4,"iran, iranian, strait",2026-08-27,0,0.0,0,0.0,0.0
4,"iran, iranian, strait",2026-08-28,0,0.0,0,0.0,0.0
4,"iran, iranian, strait",2026-08-29,0,0.0,0,0.0,0.0
4,"iran, iranian, strait",2026-08-30,0,0.0,0,0.0,0.0
4,"iran, iranian, strait",2026-08-31,0,0.0,0,0.0,0.0
4,"iran, iranian, strait",2026-09-01,0,0.0,0,0.0,0.0
4,"iran, iranian, strait",2026-09-02,0,0.0,0,0.0,0.0
4,"iran, iranian, strait",2026-09-03,0,0.0,0,0.0,0.0
4,"iran, iranian, strait",2026-09-04,1,0.0,1,0.33,0.14
4,"iran, iranian, strait",2026-09-05,1,1.0,0,0.67,0.29
4,"iran, iranian, strait",2026-09-06,2,1.0,1,1.33,0.57
4,"iran, iranian, strait",2026-09-07,1,2.0,-1,1.33,0.71
4,"iran, iranian, strait",2026-09-08,1,1.0,0,1.33,0.86
4,"iran, iranian, strait",2026-09-09,0,1.0,-1,0.67,0.86
4,"iran, iranian, strait",2026-09-10,0,0.0,0,0.33,0.86
4,"iran, iranian, strait",2026-09-11,0,0.0,0,0.0,0.71
4,"iran, iranian, strait",2026-09-12,0,0.0,0,0.0,0.57
4,"iran, iranian, strait",2026-09-13,0,0.0,0,0.0,0.29
4,"iran, iranian, strait",2026-09-14,0,0.0,0,0.0,0.14
4,"iran, iranian, strait",2026-09-15,0,0.0,0,0.0,0.0
4,"iran, iranian, strait",2026-09-16,0,0.0,0,0.0,0.0
4,"iran, iranian, strait",2026-09-17,0,0.0,0,0.0,0.0
4,"iran, iranian, strait",2026-09-18,0,0.0,0,0.0,0.0
4,"iran, iranian, strait",2026-09-19,0,0.0,0,0.0,0.0
4,"iran, iranian, strait",2026-09-20,0,0.0,0,0.0,0.0
4,"iran, iranian, strait",2026-09-21,0,0.0,0,0.0,0.0
4,"iran, iranian, strait",2026-09-22,0,0.0,0,0.0,0.0
4,"iran, iranian, strait",2026-09-23,0,0.0,0,0.0,0.0
4,"iran, iranian, strait",2026-09-24,0,0.0,0,0.0,0.0
4,"iran, iranian, strait",2026-09-25,0,0.0,0,0.0,0.0
4,"iran, iranian, strait",2026-09-26,1,0.0,1,0.33,0.14
4,"iran, iranian, strait",2026-09-27,5,1.0,4,2.0,0.86
4,"iran, iranian, strait",2026-09-28,1,5.0,-4,2.33,1.0
4,"iran, iranian, strait",2026-09-29,4,1.0,3,3.33,1.57
4,"iran, iranian, strait",2026-09-30,5,4.0,1,3.33,2.29
5,"pti, province, punjab",2026-03-24,0,,0,0.0,0.0
5,"pti, province, punjab",2026-03-25,0,0.0,0,0.0,0.0
5,"pti, province, punjab",2026-03-26,0,0.0,0,0.0,0.0
5,"pti, province, punjab",2026-03-27,0,0.0,0,0.0,0.0
5,"pti, province, punjab",2026-03-28,0,0.0,0,0.0,0.0
5,"pti, province, punjab",2026-03-29,0,0.0,0,0.0,0.0
5,"pti, province, punjab",2026-03-30,0,0.0,0,0.0,0.0
5,"pti, province, punjab",2026-03-31,0,0.0,0,0.0,0.0
5,"pti, province, punjab",2026-04-01,0,0.0,0,0.0,0.0
5,"pti, province, punjab",2026-04-02,0,0.0,0,0.0,0.0
5,"pti, province, punjab",2026-04-03,0,0.0,0,0.0,0.0
5,"pti, province, punjab",2026-04-04,0,0.0,0,0.0,0.0
5,"pti, province, punjab",2026-04-05,0,0.0,0,0.0,0.0
5,"pti, province, punjab",2026-04-06,0,0.0,0,0.0,0.0
5,"pti, province, punjab",2026-04-07,0,0.0,0,0.0,0.0
5,"pti, province, punjab",2026-04-08,0,0.0,0,0.0,0.0
5,"pti, province, punjab",2026-04-09,0,0.0,0,0.0,0.0
5,"pti, province, punjab",2026-04-10,0,0.0,0,0.0,0.0
5,"pti, province, punjab",2026-04-11,0,0.0,0,0.0,0.0
5,"pti, province, punjab",2026-04-12,0,0.0,0,0.0,0.0
5,"pti, province, punjab",2026-04-13,0,0.0,0,0.0,0.0
5,"pti, province, punjab",2026-04-14,0,0.0,0,0.0,0.0
5,"pti, province, punjab",2026-04-15,0,0.0,0,0.0,0.0
5,"pti, province, punjab",2026-04-16,0,0.0,0,0.0,0.0
5,"pti, province, punjab",2026-04-17,0,0.0,0,0.0,0.0
5,"pti, province, punjab",2026-04-18,0,0.0,0,0.0,0.0
5,"pti, province, punjab",2026-04-19,0,0.0,0,0.0,0.0
5,"pti, province, punjab",2026-04-20,0,0.0,0,0.0,0.0
5,"pti, province, punjab",2026-04-21,0,0.0,0,0.0,0.0
5,"pti, province, punjab",2026-04-22,0,0.0,0,0.0,0.0
5,"pti, province, punjab",2026-04-23,0,0.0,0,0.0,0.0
5,"pti, province, punjab",2026-04-24,0,0.0,0,0.0,0.0
5,"pti, province, punjab",2026-04-25,0,0.0,0,0.0,0.0
5,"pti, province, punjab",2026-04-26,0,0.0,0,0.0,0.0
5,"pti, province, punjab",2026-04-27,0,0.0,0,0.0,0.0
5,"pti, province, punjab",2026-04-28,0,0.0,0,0.0,0.0
5,"pti, province, punjab",2026-04-29,0,0.0,0,0.0,0.0
5,"pti, province, punjab",2026-04-30,0,0.0,0,0.0,0.0
5,"pti, province, punjab",2026-05-01,0,0.0,0,0.0,0.0
5,"pti, province, punjab",2026-05-02,0,0.0,0,0.0,0.0
5,"pti, province, punjab",2026-05-03,0,0.0,0,0.0,0.0
5,"pti, province, punjab",2026-05-04,0,0.0,0,0.0,0.0
5,"pti, province, punjab",2026-05-05,0,0.0,0,0.0,0.0
5,"pti, province, punjab",2026-05-06,0,0.0,0,0.0,0.0
5,"pti, province, punjab",2026-05-07,0,0.0,0,0.0,0.0
5,"pti, province, punjab",2026-05-08,0,0.0,0,0.0,0.0
5,"pti, province, punjab",2026-05-09,0,0.0,0,0.0,0.0
5,"pti, province, punjab",2026-05-10,0,0.0,0,0.0,0.0
5,"pti, province, punjab",2026-05-11,0,0.0,0,0.0,0.0
5,"pti, province, punjab",2026-05-12,0,0.0,0,0.0,0.0
5,"pti, province, punjab",2026-05-13,0,0.0,0,0.0,0.0
5,"pti, province, punjab",2026-05-14,0,0.0,0,0.0,0.0
5,"pti, province, punjab",2026-05-15,0,0.0,0,0.0,0.0
5,"pti, province, punjab",2026-05-16,0,0.0,0,0.0,0.0
5,"pti, province, punjab",2026-05-17,0,0.0,0,0.0,0.0
5,"pti, province, punjab",2026-05-18,0,0.0,0,0.0,0.0
5,"pti, province, punjab",2026-05-19,0,0.0,0,0.0,0.0
5,"pti, province, punjab",2026-05-20,0,0.0,0,0.0,0.0
5,"pti, province, punjab",2026-05-21,0,0.0,0,0.0,0.0
5,"pti, province, punjab",2026-05-22,0,0.0,0,0.0,0.0
5,"pti, province, punjab",2026-05-23,0,0.0,0,0.0,0.0
5,"pti, province, punjab",2026-05-24,0,0.0,0,0.0,0.0
5,"pti, province, punjab",2026-05-25,0,0.0,0,0.0,0.0
5,"pti, province, punjab",2026-05-26,0,0.0,0,0.0,0.0
5,"pti, province, punjab",2026-05-27,0,0.0,0,0.0,0.0
5,"pti, province, punjab",2026-05-28,0,0.0,0,0.0,0.0
5,"pti, province, punjab",2026-05-29,0,0.0,0,0.0,0.0
5,"pti, province, punjab",2026-05-30,0,0.0,0,0.0,0.0
5,"pti, province, punjab",2026-05-31,0,0.0,0,0.0,0.0
5,"pti, province, punjab",2026-06-01,0,0.0,0,0.0,0.0
5,"pti, province, punjab",2026-06-02,0,0.0,0,0.0,0.0
5,"pti, province, punjab",2026-06-03,0,0.0,0,0.0,0.0
5,"pti, province, punjab",2026-06-04,0,0.0,0,0.0,0.0
5,"pti, province, punjab",2026-06-05,0,0.0,0,0.0,0.0
5,"pti, province, punjab",2026-06-06,0,0.0,0,0.0,0.0
5,"pti, province, punjab",2026-06-07,0,0.0,0,0.0,0.0
5,"pti, province, punjab",2026-06-08,0,0.0,0,0.0,0.0
5,"pti, province, punjab",2026-06-09,0,0.0,0,0.0,0.0
5,"pti, province, punjab",2026-06-10,0,0.0,0,0.0,0.0
5,"pti, province, punjab",2026-06-11,0,0.0,0,0.0,0.0
5,"pti, province, punjab",2026-06-12,0,0.0,0,0.0,0.0
5,"pti, province, punjab",2026-06-13,0,0.0,0,0.0,0.0
5,"pti, province, punjab",2026-06-14,0,0.0,0,0.0,0.0
5,"pti, province, punjab",2026-06-15,0,0.0,0,0.0,0.0
5,"pti, province, punjab",2026-06-16,0,0.0,0,0.0,0.0
5,"pti, province, punjab",2026-06-17,0,0.0,0,0.0,0.0
5,"pti, province, punjab",2026-06-18,0,0.0,0,0.0,0.0
5,"pti, province, punjab",2026-06-19,0,0.0,0,0.0,0.0
5,"pti, province, punjab",2026-06-20,0,0.0,0,0.0,0.0
5,"pti, province, punjab",2026-06-21,0,0.0,0,0.0,0.0
5,"pti, province, punjab",2026-06-22,0,0.0,0,0.0,0.0
5,"pti, province, punjab",2026-06-23,0,0.0,0,0.0,0.0
5,"pti, province, punjab",2026-06-24,0,0.0,0,0.0,0.0
5,"pti, province, punjab",2026-06-25,0,0.0,0,0.0,0.0
5,"pti, province, punjab",2026-06-26,0,0.0,0,0.0,0.0
5,"pti, province, punjab",2026-06-27,0,0.0,0,0.0,0.0
5,"pti, province, punjab",2026-06-28,0,0.0,0,0.0,0.0
5,"pti, province, punjab",2026-06-29,0,0.0,0,0.0,0.0
5,"pti, province, punjab",2026-06-30,0,0.0,0,0.0,0.0
5,"pti, province, punjab",2026-07-01,0,0.0,0,0.0,0.0
5,"pti, province, punjab",2026-07-02,0,0.0,0,0.0,0.0
5,"pti, province, punjab",2026-07-03,0,0.0,0,0.0,0.0
5,"pti, province, punjab",2026-07-04,0,0.0,0,0.0,0.0
5,"pti, province, punjab",2026-07-05,0,0.0,0,0.0,0.0
5,"pti, province, punjab",2026-07-06,0,0.0,0,0.0,0.0
5,"pti, province, punjab",2026-07-07,0,0.0,0,0.0,0.0
5,"pti, province, punjab",2026-07-08,0,0.0,0,0.0,0.0
5,"pti, province, punjab",2026-07-09,0,0.0,0,0.0,0.0
5,"pti, province, punjab",2026-07-10,0,0.0,0,0.0,0.0
5,"pti, province, punjab",2026-07-11,0,0.0,0,0.0,0.0
5,"pti, province, punjab",2026-07-12,0,0.0,0,0.0,0.0
5,"pti, province, punjab",2026-07-13,1,0.0,1,0.33,0.14
5,"pti, province, punjab",2026-07-14,0,1.0,-1,0.33,0.14
5,"pti, province, punjab",2026-07-15,0,0.0,0,0.33,0.14
5,"pti, province, punjab",2026-07-16,0,0.0,0,0.0,0.14
5,"pti, province, punjab",2026-07-17,0,0.0,0,0.0,0.14
5,"pti, province, punjab",2026-07-18,0,0.0,0,0.0,0.14
5,"pti, province, punjab",2026-07-19,0,0.0,0,0.0,0.14
5,"pti, province, punjab",2026-07-20,0,0.0,0,0.0,0.0
5,"pti, province, punjab",2026-07-21,0,0.0,0,0.0,0.0
5,"pti, province, punjab",2026-07-22,0,0.0,0,0.0,0.0
5,"pti, province, punjab",2026-07-23,0,0.0,0,0.0,0.0
5,"pti, province, punjab",2026-07-24,0,0.0,0,0.0,0.0
5,"pti, province, punjab",2026-07-25,0,0.0,0,0.0,0.0
5,"pti, province, punjab",2026-07-26,0,0.0,0,0.0,0.0
5,"pti, province, punjab",2026-07-27,0,0.0,0,0.0,0.0
5,"pti, province, punjab",2026-07-28,0,0.0,0,0.0,0.0
5,"pti, province, punjab",2026-07-29,0,0.0,0,0.0,0.0
5,"pti, province, punjab",2026-07-30,0,0.0,0,0.0,0.0
5,"pti, province, punjab",2026-07-31,0,0.0,0,0.0,0.0
5,"pti, province, punjab",2026-08-01,0,0.0,0,0.0,0.0
5,"pti, province, punjab",2026-08-02,0,0.0,0,0.0,0.0
5,"pti, province, punjab",2026-08-03,0,0.0,0,0.0,0.0
5,"pti, province, punjab",2026-08-04,0,0.0,0,0.0,0.0
5,"pti, province, punjab",2026-08-05,1,0.0,1,0.33,0.14
5,"pti, province, punjab",2026-08-06,0,1.0,-1,0.33,0.14
5,"pti, province, punjab",2026-08-07,0,0.0,0,0.33,0.14
5,"pti, province, punjab",2026-08-08,0,0.0,0,0.0,0.14
5,"pti, province, punjab",2026-08-09,0,0.0,0,0.0,0.14
5,"pti, province, punjab",2026-08-10,0,0.0,0,0.0,0.14
5,"pti, province, punjab",2026-08-11,0,0.0,0,0.0,0.14
5,"pti, province, punjab",2026-08-12,0,0.0,0,0.0,0.0
5,"pti, province, punjab",2026-08-13,0,0.0,0,0.0,0.0
5,"pti, province, punjab",2026-08-14,0,0.0,0,0.0,0.0
5,"pti, province, punjab",2026-08-15,0,0.0,0,0.0,0.0
5,"pti, province, punjab",2026-08-16,0,0.0,0,0.0,0.0
5,"pti, province, punjab",2026-08-17,0,0.0,0,0.0,0.0
5,"pti, province, punjab",2026-08-18,0,0.0,0,0.0,0.0
5,"pti, province, punjab",2026-08-19,1,0.0,1,0.33,0.14
5,"pti, province, punjab",2026-08-20,0,1.0,-1,0.33,0.14
5,"pti, province, punjab",2026-08-21,0,0.0,0,0.33,0.14
5,"pti, province, punjab",2026-08-22,0,0.0,0,0.0,0.14
5,"pti, province, punjab",2026-08-23,0,0.0,0,0.0,0.14
5,"pti, province, punjab",2026-08-24,0,0.0,0,0.0,0.14
5,"pti, province, punjab",2026-08-25,0,0.0,0,0.0,0.14
5,"pti, province, punjab",2026-08-26,0,0.0,0,0.0,0.0
5,"pti, province, punjab",2026-08-27,0,0.0,0,0.0,0.0
5,"pti, province, punjab",2026-08-28,0,0.0,0,0.0,0.0
5,"pti, province, punjab",2026-08-29,0,0.0,0,0.0,0.0
5,"pti, province, punjab",2026-08-30,0,0.0,0,0.0,0.0
5,"pti, province, punjab",2026-08-31,0,0.0,0,0.0,0.0
5,"pti, province, punjab",2026-09-01,0,0.0,0,0.0,0.0
5,"pti, province, punjab",2026-09-02,0,0.0,0,0.0,0.0
5,"pti, province, punjab",2026-09-03,0,0.0,0,0.0,0.0
5,"pti, province, punjab",2026-09-04,2,0.0,2,0.67,0.29
5,"pti, province, punjab",2026-09-05,2,2.0,0,1.33,0.57
5,"pti, province, punjab",2026-09-06,3,2.0,1,2.33,1.0
5,"pti, province, punjab",2026-09-07,1,3.0,-2,2.0,1.14
5,"pti, province, punjab",2026-09-08,4,1.0,3,2.67,1.71
5,"pti, province, punjab",2026-09-09,0,4.0,-4,1.67,1.71
5,"pti, province, punjab",2026-09-10,0,0.0,0,1.33,1.71
5,"pti, province, punjab",2026-09-11,0,0.0,0,0.0,1.43
5,"pti, province, punjab",2026-09-12,0,0.0,0,0.0,1.14
5,"pti, province, punjab",2026-09-13,0,0.0,0,0.0,0.71
5,"pti, province, punjab",2026-09-14,0,0.0,0,0.0,0.57
5,"pti, province, punjab",2026-09-15,0,0.0,0,0.0,0.0
5,"pti, province, punjab",2026-09-16,0,0.0,0,0.0,0.0
5,"pti, province, punjab",2026-09-17,0,0.0,0,0.0,0.0
5,"pti, province, punjab",2026-09-18,0,0.0,0,0.0,0.0
5,"pti, province, punjab",2026-09-19,0,0.0,0,0.0,0.0
5,"pti, province, punjab",2026-09-20,0,0.0,0,0.0,0.0
5,"pti, province, punjab",2026-09-21,0,0.0,0,0.0,0.0
5,"pti, province, punjab",2026-09-22,0,0.0,0,0.0,0.0
5,"pti, province, punjab",2026-09-23,1,0.0,1,0.33,0.14
5,"pti, province, punjab",2026-09-24,1,1.0,0,0.67,0.29
5,"pti, province, punjab",2026-09-25,1,1.0,0,1.0,0.43
5,"pti, province, punjab",2026-09-26,4,1.0,3,2.0,1.0
5,"pti, province, punjab",2026-09-27,7,4.0,3,4.0,2.0
5,"pti, province, punjab",2026-09-28,5,7.0,-2,5.33,2.71
5,"pti, province, punjab",2026-09-29,8,5.0,3,6.67,3.86
5,"pti, province, punjab",2026-09-30,5,8.0,-3,6.0,4.43
6,"police, case, suspect",2026-03-24,0,,0,0.0,0.0
6,"police, case, suspect",2026-03-25,0,0.0,0,0.0,0.0
6,"police, case, suspect",2026-03-26,0,0.0,0,0.0,0.0
6,"police, case, suspect",2026-03-27,0,0.0,0,0.0,0.0
6,"police, case, suspect",2026-03-28,0,0.0,0,0.0,0.0
6,"police, case, suspect",2026-03-29,0,0.0,0,0.0,0.0
6,"police, case, suspect",2026-03-30,0,0.0,0,0.0,0.0
6,"police, case, suspect",2026-03-31,0,0.0,0,0.0,0.0
6,"police, case, suspect",2026-04-01,0,0.0,0,0.0,0.0
6,"police, case, suspect",2026-04-02,0,0.0,0,0.0,0.0
6,"police, case, suspect",2026-04-03,0,0.0,0,0.0,0.0
6,"police, case, suspect",2026-04-04,0,0.0,0,0.0,0.0
6,"police, case, suspect",2026-04-05,0,0.0,0,0.0,0.0
6,"police, case, suspect",2026-04-06,0,0.0,0,0.0,0.0
6,"police, case, suspect",2026-04-07,0,0.0,0,0.0,0.0
6,"police, case, suspect",2026-04-08,0,0.0,0,0.0,0.0
6,"police, case, suspect",2026-04-09,0,0.0,0,0.0,0.0
6,"police, case, suspect",2026-04-10,0,0.0,0,0.0,0.0
6,"police, case, suspect",2026-04-11,0,0.0,0,0.0,0.0
6,"police, case, suspect",2026-04-12,0,0.0,0,0.0,0.0
6,"police, case, suspect",2026-04-13,0,0.0,0,0.0,0.0
6,"police, case, suspect",2026-04-14,0,0.0,0,0.0,0.0
6,"police, case, suspect",2026-04-15,0,0.0,0,0.0,0.0
6,"police, case, suspect",2026-04-16,0,0.0,0,0.0,0.0
6,"police, case, suspect",2026-04-17,0,0.0,0,0.0,0.0
6,"police, case, suspect",2026-04-18,0,0.0,0,0.0,0.0
6,"police, case, suspect",2026-04-19,0,0.0,0,0.0,0.0
6,"police, case, suspect",2026-04-20,0,0.0,0,0.0,0.0
6,"police, case, suspect",2026-04-21,0,0.0,0,0.0,0.0
6,"police, case, suspect",2026-04-22,0,0.0,0,0.0,0.0
6,"police, case, suspect",2026-04-23,0,0.0,0,0.0,0.0
6,"police, case, suspect",2026-04-24,0,0.0,0,0.0,0.0
6,"police, case, suspect",2026-04-25,0,0.0,0,0.0,0.0
6,"police, case, suspect",2026-04-26,0,0.0,0,0.0,0.0
6,"police, case, suspect",2026-04-27,0,0.0,0,0.0,0.0
6,"police, case, suspect",2026-04-28,0,0.0,0,0.0,0.0
6,"police, case, suspect",2026-04-29,0,0.0,0,0.0,0.0
6,"police, case, suspect",2026-04-30,0,0.0,0,0.0,0.0
6,"police, case, suspect",2026-05-01,0,0.0,0,0.0,0.0
6,"police, case, suspect",2026-05-02,0,0.0,0,0.0,0.0
6,"police, case, suspect",2026-05-03,0,0.0,0,0.0,0.0
6,"police, case, suspect",2026-05-04,0,0.0,0,0.0,0.0
6,"police, case, suspect",2026-05-05,0,0.0,0,0.0,0.0
6,"police, case, suspect",2026-05-06,0,0.0,0,0.0,0.0
6,"police, case, suspect",2026-05-07,0,0.0,0,0.0,0.0
6,"police, case, suspect",2026-05-08,0,0.0,0,0.0,0.0
6,"police, case, suspect",2026-05-09,0,0.0,0,0.0,0.0
6,"police, case, suspect",2026-05-10,0,0.0,0,0.0,0.0
6,"police, case, suspect",2026-05-11,0,0.0,0,0.0,0.0
6,"police, case, suspect",2026-05-12,0,0.0,0,0.0,0.0
6,"police, case, suspect",2026-05-13,0,0.0,0,0.0,0.0
6,"police, case, suspect",2026-05-14,0,0.0,0,0.0,0.0
6,"police, case, suspect",2026-05-15,0,0.0,0,0.0,0.0
6,"police, case, suspect",2026-05-16,0,0.0,0,0.0,0.0
6,"police, case, suspect",2026-05-17,0,0.0,0,0.0,0.0
6,"police, case, suspect",2026-05-18,0,0.0,0,0.0,0.0
6,"police, case, suspect",2026-05-19,0,0.0,0,0.0,0.0
6,"police, case, suspect",2026-05-20,0,0.0,0,0.0,0.0
6,"police, case, suspect",2026-05-21,0,0.0,0,0.0,0.0
6,"police, case, suspect",2026-05-22,0,0.0,0,0.0,0.0
6,"police, case, suspect",2026-05-23,0,0.0,0,0.0,0.0
6,"police, case, suspect",2026-05-24,0,0.0,0,0.0,0.0
6,"police, case, suspect",2026-05-25,0,0.0,0,0.0,0.0
6,"police, case, suspect",2026-05-26,0,0.0,0,0.0,0.0
6,"police, case, suspect",2026-05-27,0,0.0,0,0.0,0.0
6,"police, case, suspect",2026-05-28,0,0.0,0,0.0,0.0
6,"police, case, suspect",2026-05-29,0,0.0,0,0.0,0.0
6,"police, case, suspect",2026-05-30,0,0.0,0,0.0,0.0
6,"police, case, suspect",2026-05-31,0,0.0,0,0.0,0.0
6,"police, case, suspect",2026-06-01,0,0.0,0,0.0,0.0
6,"police, case, suspect",2026-06-02,0,0.0,0,0.0,0.0
6,"police, case, suspect",2026-06-03,0,0.0,0,0.0,0.0
6,"police, case, suspect",2026-06-04,0,0.0,0,0.0,0.0
6,"police, case, suspect",2026-06-05,0,0.0,0,0.0,0.0
6,"police, case, suspect",2026-06-06,0,0.0,0,0.0,0.0
6,"police, case, suspect",2026-06-07,0,0.0,0,0.0,0.0
6,"police, case, suspect",2026-06-08,0,0.0,0,0.0,0.0
6,"police, case, suspect",2026-06-09,0,0.0,0,0.0,0.0
6,"police, case, suspect",2026-06-10,0,0.0,0,0.0,0.0
6,"police, case, suspect",2026-06-11,0,0.0,0,0.0,0.0
6,"police, case, suspect",2026-06-12,0,0.0,0,0.0,0.0
6,"police, case, suspect",2026-06-13,0,0.0,0,0.0,0.0
6,"police, case, suspect",2026-06-14,0,0.0,0,0.0,0.0
6,"police, case, suspect",2026-06-15,0,0.0,0,0.0,0.0
6,"police, case, suspect",2026-06-16,0,0.0,0,0.0,0.0
6,"police, case, suspect",2026-06-17,0,0.0,0,0.0,0.0
6,"police, case, suspect",2026-06-18,0,0.0,0,0.0,0.0
6,"police, case, suspect",2026-06-19,0,0.0,0,0.0,0.0
6,"police, case, suspect",2026-06-20,0,0.0,0,0.0,0.0
6,"police, case, suspect",2026-06-21,0,0.0,0,0.0,0.0
6,"police, case, suspect",2026-06-22,0,0.0,0,0.0,0.0
6,"police, case, suspect",2026-06-23,0,0.0,0,0.0,0.0
6,"police, case, suspect",2026-06-24,0,0.0,0,0.0,0.0
6,"police, case, suspect",2026-06-25,0,0.0,0,0.0,0.0
6,"police, case, suspect",2026-06-26,0,0.0,0,0.0,0.0
6,"police, case, suspect",2026-06-27,0,0.0,0,0.0,0.0
6,"police, case, suspect",2026-06-28,0,0.0,0,0.0,0.0
6,"police, case, suspect",2026-06-29,0,0.0,0,0.0,0.0
6,"police, case, suspect",2026-06-30,0,0.0,0,0.0,0.0
6,"police, case, suspect",2026-07-01,0,0.0,0,0.0,0.0
6,"police, case, suspect",2026-07-02,0,0.0,0,0.0,0.0
6,"police, case, suspect",2026-07-03,0,0.0,0,0.0,0.0
6,"police, case, suspect",2026-07-04,0,0.0,0,0.0,0.0
6,"police, case, suspect",2026-07-05,0,0.0,0,0.0,0.0
6,"police, case, suspect",2026-07-06,0,0.0,0,0.0,0.0
6,"police, case, suspect",2026-07-07,0,0.0,0,0.0,0.0
6,"police, case, suspect",2026-07-08,0,0.0,0,0.0,0.0
6,"police, case, suspect",2026-07-09,0,0.0,0,0.0,0.0
6,"police, case, suspect",2026-07-10,0,0.0,0,0.0,0.0
6,"police, case, suspect",2026-07-11,0,0.0,0,0.0,0.0
6,"police, case, suspect",2026-07-12,0,0.0,0,0.0,0.0
6,"police, case, suspect",2026-07-13,0,0.0,0,0.0,0.0
6,"police, case, suspect",2026-07-14,0,0.0,0,0.0,0.0
6,"police, case, suspect",2026-07-15,0,0.0,0,0.0,0.0
6,"police, case, suspect",2026-07-16,0,0.0,0,0.0,0.0
6,"police, case, suspect",2026-07-17,0,0.0,0,0.0,0.0
6,"police, case, suspect",2026-07-18,0,0.0,0,0.0,0.0
6,"police, case, suspect",2026-07-19,0,0.0,0,0.0,0.0
6,"police, case, suspect",2026-07-20,0,0.0,0,0.0,0.0
6,"police, case, suspect",2026-07-21,0,0.0,0,0.0,0.0
6,"police, case, suspect",2026-07-22,0,0.0,0,0.0,0.0
6,"police, case, suspect",2026-07-23,0,0.0,0,0.0,0.0
6,"police, case, suspect",2026-07-24,0,0.0,0,0.0,0.0
6,"police, case, suspect",2026-07-25,0,0.0,0,0.0,0.0
6,"police, case, suspect",2026-07-26,0,0.0,0,0.0,0.0
6,"police, case, suspect",2026-07-27,0,0.0,0,0.0,0.0
6,"police, case, suspect",2026-07-28,0,0.0,0,0.0,0.0
6,"police, case, suspect",2026-07-29,0,0.0,0,0.0,0.0
6,"police, case, suspect",2026-07-30,0,0.0,0,0.0,0.0
6,"police, case, suspect",2026-07-31,0,0.0,0,0.0,0.0
6,"police, case, suspect",2026-08-01,0,0.0,0,0.0,0.0
6,"police, case, suspect",2026-08-02,0,0.0,0,0.0,0.0
6,"police, case, suspect",2026-08-03,0,0.0,0,0.0,0.0
6,"police, case, suspect",2026-08-04,0,0.0,0,0.0,0.0
6,"police, case, suspect",2026-08-05,0,0.0,0,0.0,0.0
6,"police, case, suspect",2026-08-06,0,0.0,0,0.0,0.0
6,"police, case, suspect",2026-08-07,0,0.0,0,0.0,0.0
6,"police, case, suspect",2026-08-08,0,0.0,0,0.0,0.0
6,"police, case, suspect",2026-08-09,0,0.0,0,0.0,0.0
6,"police, case, suspect",2026-08-10,0,0.0,0,0.0,0.0
6,"police, case, suspect",2026-08-11,0,0.0,0,0.0,0.0
6,"police, case, suspect",2026-08-12,0,0.0,0,0.0,0.0
6,"police, case, suspect",2026-08-13,0,0.0,0,0.0,0.0
6,"police, case, suspect",2026-08-14,0,0.0,0,0.0,0.0
6,"police, case, suspect",2026-08-15,0,0.0,0,0.0,0.0
6,"police, case, suspect",2026-08-16,0,0.0,0,0.0,0.0
6,"police, case, suspect",2026-08-17,0,0.0,0,0.0,0.0
6,"police, case, suspect",2026-08-18,0,0.0,0,0.0,0.0
6,"police, case, suspect",2026-08-19,0,0.0,0,0.0,0.0
6,"police, case, suspect",2026-08-20,0,0.0,0,0.0,0.0
6,"police, case, suspect",2026-08-21,0,0.0,0,0.0,0.0
6,"police, case, suspect",2026-08-22,0,0.0,0,0.0,0.0
6,"police, case, suspect",2026-08-23,0,0.0,0,0.0,0.0
6,"police, case, suspect",2026-08-24,0,0.0,0,0.0,0.0
6,"police, case, suspect",2026-08-25,0,0.0,0,0.0,0.0
6,"police, case, suspect",2026-08-26,0,0.0,0,0.0,0.0
6,"police, case, suspect",2026-08-27,0,0.0,0,0.0,0.0
6,"police, case, suspect",2026-08-28,0,0.0,0,0.0,0.0
6,"police, case, suspect",2026-08-29,0,0.0,0,0.0,0.0
6,"police, case, suspect",2026-08-30,0,0.0,0,0.0,0.0
6,"police, case, suspect",2026-08-31,0,0.0,0,0.0,0.0
6,"police, case, suspect",2026-09-01,0,0.0,0,0.0,0.0
6,"police, case, suspect",2026-09-02,0,0.0,0,0.0,0.0
6,"police, case, suspect",2026-09-03,0,0.0,0,0.0,0.0
6,"police, case, suspect",2026-09-04,0,0.0,0,0.0,0.0
6,"police, case, suspect",2026-09-05,1,0.0,1,0.33,0.14
6,"police, case, suspect",2026-09-06,6,1.0,5,2.33,1.0
6,"police, case, suspect",2026-09-07,4,6.0,-2,3.67,1.57
6,"police, case, suspect",2026-09-08,3,4.0,-1,4.33,2.0
6,"police, case, suspect",2026-09-09,0,3.0,-3,2.33,2.0
6,"police, case, suspect",2026-09-10,0,0.0,0,1.0,2.0
6,"police, case, suspect",2026-09-11,0,0.0,0,0.0,2.0
6,"police, case, suspect",2026-09-12,0,0.0,0,0.0,1.86
6,"police, case, suspect",2026-09-13,0,0.0,0,0.0,1.0
6,"police, case, suspect",2026-09-14,0,0.0,0,0.0,0.43
6,"police, case, suspect",2026-09-15,0,0.0,0,0.0,0.0
6,"police, case, suspect",2026-09-16,0,0.0,0,0.0,0.0
6,"police, case, suspect",2026-09-17,0,0.0,0,0.0,0.0
6,"police, case, suspect",2026-09-18,0,0.0,0,0.0,0.0
6,"police, case, suspect",2026-09-19,0,0.0,0,0.0,0.0
6,"police, case, suspect",2026-09-20,0,0.0,0,0.0,0.0
6,"police, case, suspect",2026-09-21,0,0.0,0,0.0,0.0
6,"police, case, suspect",2026-09-22,0,0.0,0,0.0,0.0
6,"police, case, suspect",2026-09-23,0,0.0,0,0.0,0.0
6,"police, case, suspect",2026-09-24,0,0.0,0,0.0,0.0
6,"police, case, suspect",2026-09-25,0,0.0,0,0.0,0.0
6,"police, case, suspect",2026-09-26,0,0.0,0,0.0,0.0
6,"police, case, suspect",2026-09-27,3,0.0,3,1.0,0.43
6,"police, case, suspect",2026-09-28,7,3.0,4,3.33,1.43
6,"police, case, suspect",2026-09-29,2,7.0,-5,4.0,1.71
6,"police, case, suspect",2026-09-30,4,2.0,2,4.33,2.29
7,"bank, investment, billion",2026-03-24,0,,0,0.0,0.0
7,"bank, investment, billion",2026-03-25,0,0.0,0,0.0,0.0
7,"bank, investment, billion",2026-03-26,0,0.0,0,0.0,0.0
7,"bank, investment, billion",2026-03-27,0,0.0,0,0.0,0.0
7,"bank, investment, billion",2026-03-28,0,0.0,0,0.0,0.0
7,"bank, investment, billion",2026-03-29,0,0.0,0,0.0,0.0
7,"bank, investment, billion",2026-03-30,0,0.0,0,0.0,0.0
7,"bank, investment, billion",2026-03-31,0,0.0,0,0.0,0.0
7,"bank, investment, billion",2026-04-01,0,0.0,0,0.0,0.0
7,"bank, investment, billion",2026-04-02,0,0.0,0,0.0,0.0
7,"bank, investment, billion",2026-04-03,0,0.0,0,0.0,0.0
7,"bank, investment, billion",2026-04-04,0,0.0,0,0.0,0.0
7,"bank, investment, billion",2026-04-05,0,0.0,0,0.0,0.0
7,"bank, investment, billion",2026-04-06,0,0.0,0,0.0,0.0
7,"bank, investment, billion",2026-04-07,0,0.0,0,0.0,0.0
7,"bank, investment, billion",2026-04-08,0,0.0,0,0.0,0.0
7,"bank, investment, billion",2026-04-09,0,0.0,0,0.0,0.0
7,"bank, investment, billion",2026-04-10,0,0.0,0,0.0,0.0
7,"bank, investment, billion",2026-04-11,0,0.0,0,0.0,0.0
7,"bank, investment, billion",2026-04-12,0,0.0,0,0.0,0.0
7,"bank, investment, billion",2026-04-13,0,0.0,0,0.0,0.0
7,"bank, investment, billion",2026-04-14,0,0.0,0,0.0,0.0
7,"bank, investment, billion",2026-04-15,0,0.0,0,0.0,0.0
7,"bank, investment, billion",2026-04-16,0,0.0,0,0.0,0.0
7,"bank, investment, billion",2026-04-17,0,0.0,0,0.0,0.0
7,"bank, investment, billion",2026-04-18,0,0.0,0,0.0,0.0
7,"bank, investment, billion",2026-04-19,0,0.0,0,0.0,0.0
7,"bank, investment, billion",2026-04-20,0,0.0,0,0.0,0.0
7,"bank, investment, billion",2026-04-21,0,0.0,0,0.0,0.0
7,"bank, investment, billion",2026-04-22,0,0.0,0,0.0,0.0
7,"bank, investment, billion",2026-04-23,0,0.0,0,0.0,0.0
7,"bank, investment, billion",2026-04-24,0,0.0,0,0.0,0.0
7,"bank, investment, billion",2026-04-25,0,0.0,0,0.0,0.0
7,"bank, investment, billion",2026-04-26,0,0.0,0,0.0,0.0
7,"bank, investment, billion",2026-04-27,0,0.0,0,0.0,0.0
7,"bank, investment, billion",2026-04-28,0,0.0,0,0.0,0.0
7,"bank, investment, billion",2026-04-29,0,0.0,0,0.0,0.0
7,"bank, investment, billion",2026-04-30,0,0.0,0,0.0,0.0
7,"bank, investment, billion",2026-05-01,0,0.0,0,0.0,0.0
7,"bank, investment, billion",2026-05-02,0,0.0,0,0.0,0.0
7,"bank, investment, billion",2026-05-03,0,0.0,0,0.0,0.0
7,"bank, investment, billion",2026-05-04,0,0.0,0,0.0,0.0
7,"bank, investment, billion",2026-05-05,0,0.0,0,0.0,0.0
7,"bank, investment, billion",2026-05-06,0,0.0,0,0.0,0.0
7,"bank, investment, billion",2026-05-07,0,0.0,0,0.0,0.0
7,"bank, investment, billion",2026-05-08,0,0.0,0,0.0,0.0
7,"bank, investment, billion",2026-05-09,0,0.0,0,0.0,0.0
7,"bank, investment, billion",2026-05-10,0,0.0,0,0.0,0.0
7,"bank, investment, billion",2026-05-11,0,0.0,0,0.0,0.0
7,"bank, investment, billion",2026-05-12,0,0.0,0,0.0,0.0
7,"bank, investment, billion",2026-05-13,0,0.0,0,0.0,0.0
7,"bank, investment, billion",2026-05-14,0,0.0,0,0.0,0.0
7,"bank, investment, billion",2026-05-15,0,0.0,0,0.0,0.0
7,"bank, investment, billion",2026-05-16,0,0.0,0,0.0,0.0
7,"bank, investment, billion",2026-05-17,0,0.0,0,0.0,0.0
7,"bank, investment, billion",2026-05-18,0,0.0,0,0.0,0.0
7,"bank, investment, billion",2026-05-19,0,0.0,0,0.0,0.0
7,"bank, investment, billion",2026-05-20,0,0.0,0,0.0,0.0
7,"bank, investment, billion",2026-05-21,0,0.0,0,0.0,0.0
7,"bank, investment, billion",2026-05-22,0,0.0,0,0.0,0.0
7,"bank, investment, billion",2026-05-23,0,0.0,0,0.0,0.0
7,"bank, investment, billion",2026-05-24,0,0.0,0,0.0,0.0
7,"bank, investment, billion",2026-05-25,0,0.0,0,0.0,0.0
7,"bank, investment, billion",2026-05-26,0,0.0,0,0.0,0.0
7,"bank, investment, billion",2026-05-27,0,0.0,0,0.0,0.0
7,"bank, investment, billion",2026-05-28,0,0.0,0,0.0,0.0
7,"bank, investment, billion",2026-05-29,0,0.0,0,0.0,0.0
7,"bank, investment, billion",2026-05-30,0,0.0,0,0.0,0.0
7,"bank, investment, billion",2026-05-31,0,0.0,0,0.0,0.0
7,"bank, investment, billion",2026-06-01,0,0.0,0,0.0,0.0
7,"bank, investment, billion",2026-06-02,0,0.0,0,0.0,0.0
7,"bank, investment, billion",2026-06-03,0,0.0,0,0.0,0.0
7,"bank, investment, billion",2026-06-04,1,0.0,1,0.33,0.14
7,"bank, investment, billion",2026-06-05,0,1.0,-1,0.33,0.14
7,"bank, investment, billion",2026-06-06,0,0.0,0,0.33,0.14
7,"bank, investment, billion",2026-06-07,0,0.0,0,0.0,0.14
7,"bank, investment, billion",2026-06-08,0,0.0,0,0.0,0.14
7,"bank, investment, billion",2026-06-09,0,0.0,0,0.0,0.14
7,"bank, investment, billion",2026-06-10,0,0.0,0,0.0,0.14
7,"bank, investment, billion",2026-06-11,0,0.0,0,0.0,0.0
7,"bank, investment, billion",2026-06-12,0,0.0,0,0.0,0.0
7,"bank, investment, billion",2026-06-13,0,0.0,0,0.0,0.0
7,"bank, investment, billion",2026-06-14,0,0.0,0,0.0,0.0
7,"bank, investment, billion",2026-06-15,0,0.0,0,0.0,0.0
7,"bank, investment, billion",2026-06-16,0,0.0,0,0.0,0.0
7,"bank, investment, billion",2026-06-17,0,0.0,0,0.0,0.0
7,"bank, investment, billion",2026-06-18,0,0.0,0,0.0,0.0
7,"bank, investment, billion",2026-06-19,0,0.0,0,0.0,0.0
7,"bank, investment, billion",2026-06-20,0,0.0,0,0.0,0.0
7,"bank, investment, billion",2026-06-21,0,0.0,0,0.0,0.0
7,"bank, investment, billion",2026-06-22,0,0.0,0,0.0,0.0
7,"bank, investment, billion",2026-06-23,0,0.0,0,0.0,0.0
7,"bank, investment, billion",2026-06-24,0,0.0,0,0.0,0.0
7,"bank, investment, billion",2026-06-25,0,0.0,0,0.0,0.0
7,"bank, investment, billion",2026-06-26,0,0.0,0,0.0,0.0
7,"bank, investment, billion",2026-06-27,0,0.0,0,0.0,0.0
7,"bank, investment, billion",2026-06-28,0,0.0,0,0.0,0.0
7,"bank, investment, billion",2026-06-29,0,0.0,0,0.0,0.0
7,"bank, investment, billion",2026-06-30,0,0.0,0,0.0,0.0
7,"bank, investment, billion",2026-07-01,0,0.0,0,0.0,0.0
7,"bank, investment, billion",2026-07-02,0,0.0,0,0.0,0.0
7,"bank, investment, billion",2026-07-03,0,0.0,0,0.0,0.0
7,"bank, investment, billion",2026-07-04,0,0.0,0,0.0,0.0
7,"bank, investment, billion",2026-07-05,0,0.0,0,0.0,0.0
7,"bank, investment, billion",2026-07-06,0,0.0,0,0.0,0.0
7,"bank, investment, billion",2026-07-07,0,0.0,0,0.0,0.0
7,"bank, investment, billion",2026-07-08,0,0.0,0,0.0,0.0
7,"bank, investment, billion",2026-07-09,0,0.0,0,0.0,0.0
7,"bank, investment, billion",2026-07-10,0,0.0,0,0.0,0.0
7,"bank, investment, billion",2026-07-11,0,0.0,0,0.0,0.0
7,"bank, investment, billion",2026-07-12,0,0.0,0,0.0,0.0
7,"bank, investment, billion",2026-07-13,0,0.0,0,0.0,0.0
7,"bank, investment, billion",2026-07-14,0,0.0,0,0.0,0.0
7,"bank, investment, billion",2026-07-15,0,0.0,0,0.0,0.0
7,"bank, investment, billion",2026-07-16,0,0.0,0,0.0,0.0
7,"bank, investment, billion",2026-07-17,0,0.0,0,0.0,0.0
7,"bank, investment, billion",2026-07-18,0,0.0,0,0.0,0.0
7,"bank, investment, billion",2026-07-19,0,0.0,0,0.0,0.0
7,"bank, investment, billion",2026-07-20,0,0.0,0,0.0,0.0
7,"bank, investment, billion",2026-07-21,0,0.0,0,0.0,0.0
7,"bank, investment, billion",2026-07-22,0,0.0,0,0.0,0.0
7,"bank, investment, billion",2026-07-23,0,0.0,0,0.0,0.0
7,"bank, investment, billion",2026-07-24,0,0.0,0,0.0,0.0
7,"bank, investment, billion",2026-07-25,0,0.0,0,0.0,0.0
7,"bank, investment, billion",2026-07-26,0,0.0,0,0.0,0.0
7,"bank, investment, billion",2026-07-27,0,0.0,0,0.0,0.0
7,"bank, investment, billion",2026-07-28,0,0.0,0,0.0,0.0
7,"bank, investment, billion",2026-07-29,0,0.0,0,0.0,0.0
7,"bank, investment, billion",2026-07-30,0,0.0,0,0.0,0.0
7,"bank, investment, billion",2026-07-31,0,0.0,0,0.0,0.0
7,"bank, investment, billion",2026-08-01,0,0.0,0,0.0,0.0
7,"bank, investment, billion",2026-08-02,0,0.0,0,0.0,0.0
7,"bank, investment, billion",2026-08-03,0,0.0,0,0.0,0.0
7,"bank, investment, billion",2026-08-04,0,0.0,0,0.0,0.0
7,"bank, investment, billion",2026-08-05,0,0.0,0,0.0,0.0
7,"bank, investment, billion",2026-08-06,0,0.0,0,0.0,0.0
7,"bank, investment, billion",2026-08-07,0,0.0,0,0.0,0.0
7,"bank, investment, billion",2026-08-08,0,0.0,0,0.0,0.0
7,"bank, investment, billion",2026-08-09,0,0.0,0,0.0,0.0
7,"bank, investment, billion",2026-08-10,0,0.0,0,0.0,0.0
7,"bank, investment, billion",2026-08-11,0,0.0,0,0.0,0.0
7,"bank, investment, billion",2026-08-12,0,0.0,0,0.0,0.0
7,"bank, investment, billion",2026-08-13,0,0.0,0,0.0,0.0
7,"bank, investment, billion",2026-08-14,0,0.0,0,0.0,0.0
7,"bank, investment, billion",2026-08-15,1,0.0,1,0.33,0.14
7,"bank, investment, billion",2026-08-16,0,1.0,-1,0.33,0.14
7,"bank, investment, billion",2026-08-17,0,0.0,0,0.33,0.14
7,"bank, investment, billion",2026-08-18,0,0.0,0,0.0,0.14
7,"bank, investment, billion",2026-08-19,0,0.0,0,0.0,0.14
7,"bank, investment, billion",2026-08-20,0,0.0,0,0.0,0.14
7,"bank, investment, billion",2026-08-21,0,0.0,0,0.0,0.14
7,"bank, investment, billion",2026-08-22,0,0.0,0,0.0,0.0
7,"bank, investment, billion",2026-08-23,0,0.0,0,0.0,0.0
7,"bank, investment, billion",2026-08-24,0,0.0,0,0.0,0.0
7,"bank, investment, billion",2026-08-25,0,0.0,0,0.0,0.0
7,"bank, investment, billion",2026-08-26,0,0.0,0,0.0,0.0
7,"bank, investment, billion",2026-08-27,0,0.0,0,0.0,0.0
7,"bank, investment, billion",2026-08-28,0,0.0,0,0.0,0.0
7,"bank, investment, billion",2026-08-29,0,0.0,0,0.0,0.0
7,"bank, investment, billion",2026-08-30,0,0.0,0,0.0,0.0
7,"bank, investment, billion",2026-08-31,0,0.0,0,0.0,0.0
7,"bank, investment, billion",2026-09-01,0,0.0,0,0.0,0.0
7,"bank, investment, billion",2026-09-02,0,0.0,0,0.0,0.0
7,"bank, investment, billion",2026-09-03,0,0.0,0,0.0,0.0
7,"bank, investment, billion",2026-09-04,1,0.0,1,0.33,0.14
7,"bank, investment, billion",2026-09-05,0,1.0,-1,0.33,0.14
7,"bank, investment, billion",2026-09-06,0,0.0,0,0.33,0.14
7,"bank, investment, billion",2026-09-07,1,0.0,1,0.33,0.29
7,"bank, investment, billion",2026-09-08,2,1.0,1,1.0,0.57
7,"bank, investment, billion",2026-09-09,0,2.0,-2,1.0,0.57
7,"bank, investment, billion",2026-09-10,0,0.0,0,0.67,0.57
7,"bank, investment, billion",2026-09-11,0,0.0,0,0.0,0.43
7,"bank, investment, billion",2026-09-12,0,0.0,0,0.0,0.43
7,"bank, investment, billion",2026-09-13,0,0.0,0,0.0,0.43
7,"bank, investment, billion",2026-09-14,0,0.0,0,0.0,0.29
7,"bank, investment, billion",2026-09-15,0,0.0,0,0.0,0.0
7,"bank, investment, billion",2026-09-16,0,0.0,0,0.0,0.0
7,"bank, investment, billion",2026-09-17,0,0.0,0,0.0,0.0
7,"bank, investment, billion",2026-09-18,0,0.0,0,0.0,0.0
7,"bank, investment, billion",2026-09-19,0,0.0,0,0.0,0.0
7,"bank, investment, billion",2026-09-20,0,0.0,0,0.0,0.0
7,"bank, investment, billion",2026-09-21,0,0.0,0,0.0,0.0
7,"bank, investment, billion",2026-09-22,0,0.0,0,0.0,0.0
7,"bank, investment, billion",2026-09-23,0,0.0,0,0.0,0.0
7,"bank, investment, billion",2026-09-24,0,0.0,0,0.0,0.0
7,"bank, investment, billion",2026-09-25,0,0.0,0,0.0,0.0
7,"bank, investment, billion",2026-09-26,2,0.0,2,0.67,0.29
7,"bank, investment, billion",2026-09-27,2,2.0,0,1.33,0.57
7,"bank, investment, billion",2026-09-28,8,2.0,6,4.0,1.71
7,"bank, investment, billion",2026-09-29,11,8.0,3,7.0,3.29
7,"bank, investment, billion",2026-09-30,11,11.0,0,10.0,4.86
